pairs	# instances	inflected_pairs	# inflected_pairs	source_alignments	# source_alignments	all_translations	# all_translations	uniq_translations	# uniq_translations	fig_or_lit
address cause	2	address causes,address causes	1	causes address address address,address address address causes	2	Ursachen in Angriff nehmen,etwas unternehmen gegen Ursachen	2	Ursache in Angriff nehmen,etw. gegen Ursache unternehmen	2	Figurative,Literal
address challenge	2	address challenges,address challenges	1	address address challenges challenges,address address challenges	2	uns widmen den Herausforderungen,angegangen werden Reform	2	sich Herausforderung widmen,Reform angehen	2	Literal,Figurative
address change	2	address change,address change	1	address address change,address change change	2	Reaktion auf Veränderung,Bewältigung des Wandels	2	Reaktion auf Veränderung,Bewältigung Wandel	2	Literal,Literal
address concern	15	addressing concerns,addressed concerns,address concerns,addressed concerns,address concerns,addressed concern,address concern,addressed concerns,address concerns,address concerns,address concerns,addressing concerns,address concerns,addresses concerns,address concerns	6	addressing addressing concerns,be concerns concerns addressed addressed,address address concerns,addressed addressed addressed concerns,concerns concerns address address,were concern addressed,address concern concern,concerns addressed addressed,address address address concerns,address concerns,address concerns address address address,addressing addressing concerns,concerns address address address,concerns addresses addresses addresses addresses,address address address concerns	13	eingehen auf Fragen,NULL den Bedenken Ausdruck verleihen,eingehen auf Fragen,hat hingewiesen auf Probleme,geäußerten Bedenken sich anzunehmen,wurden Bedenken berücksichtigt,begegnen diesen Sorgen,Bedenken Rechnung getragen,zum Ausdruck bringen Anliegen,analysieren Befürchtungen,mit Bedenken sollen ausgeräumt werden,Auseinandersetzung mit Befürchtungen,Probleme können gelöst werden,Probleme werden zur Sprache gebracht,zum Gegenstand haben Interessen	14	auf Frage eingehen,auf Problem hinweisen,Bedenken Ausdruck verleihen,sich Bedenken annehmen,Bedenken berücksichtigen,Problem lösen,Befürchtung analysieren,Sorge begegnen,Bedenken Rechnung tragen,Anliegen zum Ausdruck bringen,Bedenken ausräumen,Problem zur Sprache bringen,Interesse zum Gegenstand haben,Auseinandersetzung mit Befürchtung	14	Literal,Literal,Literal,Literal,Literal,Literal,Literal,Figurative,Figurative,Literal,Figurative,Literal,Figurative,Literal
address crisis	1	addressed crisis	1	addressed addressed crisis addressed addressed	1	etwas gegen Krise getan werden	1	etw. gegen Krise tun	1	Literal
address issue	79	address issues,addressed issues,address issues,addressing issues,addressing issue,address issues,address issue,address issue,addressed issues,addressed issue,address issue,addressed issue,addressed issues,addressed issue,addressing issue,address issue,address issues,addressed issue,address issue,addressed issues,address issue,address issue,addressed issues,address issues,addresses issue,addressed issues,addressing issues,address issue,addressing issues,addressed issue,addressed issue,addressed issue,addressed issue,addressed issues,addressed issue,address issue,addressing issue,address issue,address issue,addresses issues,addressing issues,addressed issues,address issue,address issues,address issue,addressing issue,addresses issues,addressed issues,addressed issues,address issue,address issues,address issue,addressed issues,address issues,address issue,address issues,address issues,address issues,addressing issue,address issues,addressed issues,address issue,addressing issue,addressed issues,addressed issues,address issue,address issues,address issues,address issue,addresses issues,address issue,addressing issue,addressing issues,address issue,addresses issue,addressed issues,addressed issues,addressed issue,address issue	8	address address address issues,be addressed addressed issues issues,address address issues issues,addressing addressing issues,addressing issue issue,address address issues issues,address issue issue,address address address issue,addressed will be addressed addressed issues,has issue addressed,address address issue issue,is addressed addressed addressed issue,issues has been addressed addressed,addressed addressed addressed issue was,addressing addressing addressing issue,address address issue,issues issues address address,be addressed addressed addressed issue,address address address address address issue issue,be adressed adressed adressed issues,will address address issue issue,address address address issue,be issues addressed,address issues issues,issue addresses addresses addresses,issues be addressed addressed,addressing issues issues,issue address address,addressing addressing issues issues,was addressed addressed addressed issue,issue being addressed,issue will be addressed,issue issue be addressed addressed,be addressed addressed addressed issues,issue issue be addressed,address address issue issue,issue issue are addressing addressing addressing addressing addressing,address address address issue issue,address address issue,addresses addresses issues issues,addressing issues,addressed issues,address address issue,address issues,address issue issue,issue,issues issues,will be issues addressed,issues were addressed,address address issue issue,address issues,address issue issue,issues addressed addressed be,address issues,issue address address address,address address address issues,address address address issues,will address issues,addressing issue issue,issues address address address,issues be addressed,address address address issue,addressing issue,issues addressed addressed are,issues addressed,issue address address address,address issues,address address address issues,address address address address issue,addresses addresses addresses addresses issues,address address issue,addressing issue addressing,addressing addressing issues,address address issue,addresses addresses addresses issue,issues be addressed,will be addressed addressed issues addressed,have addressed addressed issue issue,address address issue issue	57	sich auseinandersetzen mit Themen,NULL uns widmen dem Problem,beschäftigen mit diesem Thema,Richtlinien zur problematik,über das handeln,sich widmen den Aspekten,ansprechen dieses Thema,sich befassen mit Punkt,es wird NULL gehen um Thema,hat Punkt angesprochen,widmen sich dieser Frage,NULL beschäftigt sich mit Thematik,Probleme haben NULL Maßnahmen ergriffen,sich beschäftigte mit Thema NULL,sich befaßt mit Problem,mich zuwenden Thema,uns zuwenden diesen Problemen,NULL uns auseinandersetzen mit Problem,suchen nach einer Lösung für dieses Problem,NULL Es geht um Aspekte,NULL mich zuwenden der Frage,uns befassen mit Thema,werden Probleme behandelt,auf fragen einzugehen,problem soll geregelt werden,Angelegenheiten sind zu klären,sich Themen zuwenden,Problem wird angegangen,beschäftigen mit den Themen,hat sich befasst mit Frage,Frage NULL anzusprechen,Frage wird NULL angesprochen,dieser Sachverhalt NULL verdient Beachtung,NULL uns beschäftigen mit Sachverhalten,Dieser Frage NULL nachgehen,verweisen auf einen Punkt,Das Thema NULL mit dem wir uns befassen,beitragen zur Lösung dieser Probleme,eingehen auf Frage,sich widmet der Thematik,behandelt Probleme,nachgegangen Argumenten,auseinandersetzen mit Gefahr,Anliegen aufgegriffen,Lösung dieses Problems,Frage,Fragen aufgreift,NULL werden Fragen angesprochen,gesichtspunkte wurden berücksichtigt,uns mit Thema befassen,angehen Fragen,sprechen zum Thema,Fragen zu behandeln sind,anzusprechen Fragen,Prozess einer Lösung zuführen,in Angriff nehmen Fragen,sich mit befassen Fragen,wird behandeln Fragen,Klärung dieser Frage,Probleme zur Sprache bringen,Probleme NULL anstehen,uns auseinandersetzen Mit Problem,anzugehen Problem,Aspekten Aufmerksamkeit geschenkt wird,Fragen angehen,Aufgabe in Angriff nehmen,löst Probleme,außer Acht lassen Themen,setzen sich auseinander mit Problem,setzt sich auseinander mit Probleme,Auseinandersetzung mit frage,greifen Frage auf,Regelung der Rechtsfragen,findet Berücksichtigung Problem,zur Sprache bringen Frage,Probleme werden besprochen,wird NULL sich mit Themen auseinandersetzen,haben uns zugewandt dem Problem,sich annehmen dieser Angelegenheit	79	sich mit Thema auseinandersetzen,sich mit Problem auseinandersetzen,Auseinandersetzung mit Frage,sich mit Gefahr auseinandersetzen,sich Problem widmen,sich Aspekt widmen,sich Frage widmen,sich Thematik widmen,sich mit Thema beschäftigen,sich mit Thematik beschäftigen,sich mit Sachverhalt beschäftigen,Thema ansprechen,sich mit Punkt befassen,sich mit Problem befassen,sich mit Thema befassen,sich mit Frage befassen,um Thema gegen,um Aspekt gehen,auf Frage eingehen,Frage angehen,Punkt ansprechen,Frage ansprechen,Problem besprechen,Frage zur Sprache bringen,Problem zur Sprache bringen,sich Thema zuwenden,sich Problem zuwenden,sich Frage zuwenden,für Problem nach Lösung suchen,Problem behandeln,Frage behandeln,sich Angelegenheit annehmen,Angelegenheit klären,Lösung des Problems,Aufgabe in Angriff nehmen,Problem lösen,Klärung Frage,Richtlinie zur Problematik,Problem regeln,Regelung Frage,Frage in Angriff nehmen,Problem angehen,Frage aufgreifen,Frage nachgehen,Argument nachgehen,zu Thema sprechen,über das Handeln,auf Punkt verweisen,zu Lösung Problem beitragen,Problem anstehen,Aspekt Aufmerksamkeit schenken,Problem Berücksichtigung finden,Beachtung verdienen,Anliegen aufgreifen,Punkt berücksichtigen,Thema außer Acht lassen,Prozess einer Lösung zuführen,auf Problem Maßnahmen ergreifen	58	Literal,Literal,Literal,Literal,Figurative,Literal,Literal,Literal,Literal,Literal,Literal,Literal,Literal,Literal,Literal,Literal,Literal,Figurative,Literal,Figurative,Literal,Literal,Literal,Literal,Literal,Literal,Literal,Figurative,Literal,Literal,Figurative,Literal,Literal,Literal,Figurative,Literal,Literal,Literal,Literal,Literal,Figurative,Figurative,Figurative,Figurative,Figurative,Literal,Literal,Figurative,Literal,Figurative,Figurative,Literal,Figurative,Figurative,Literal,Figurative,Figurative,Figurative
address matter	4	addressed matter,addressed matters,address matter,address matter	3	addressed addressed addressed matter matter,will be matters addressed,address address matter matter,address address matter matter	3	sich befassen mit dieser Angelegenheit,werden NULL Fragen angesprochen,mich zuwenden der Verbesserung,sich widmen dieser Angelegenheit	4	sich mit Angelegenheit befassen,Frage ansprechen,sich Verbesserung zuwenden,sich Angelegenheit widmen	4	Literal,Literal,Literal,Literal
address need	6	address need,address need,address needs,addressing needs,addressed needs,address needs	4	will address need,address address need,address address needs,addressing addressing needs,addressed addressed needs,needs address address	6	werden lindern Not,es geht darum,bedacht auf Bedürfnisse,bestimmt für Bedürfnisse,werden unterstützt NULL,Bedürfnissen Rechnung tragen	6	Not lindern,es geht darum,auf Bedürfnis bedenken,Bedürfnis bestimmen,NULL unterstützen,Bedürfnis Rechnung tragen	6	Literal,Figurative,Figurative,Figurative,-,Figurative
address point	7	address points,address points,address points,address point,addressed point,addressed point,address points	3	address points,address address points,address address points,address address address point point,point is addressed,point addressed addressed addressed,address address points	5	aufzugreifen Punkte,einzugehen auf Punkte,eingehen auf Punkte,sich äußern zu diesem Punkt,Punkt wird angesprochen,aspekt sind eingegangen auf,eingehen auf Punkte	6	Punkt aufgreifen,auf Punkt eingehen,auf Aspekt eingehen,Punkt ansprechen,sich zu Punkt äußern	5	Figurative,Literal,Literal,Literal,Literal
address problem	302	address problems,address problem,addressing problem,addressed problem,address problem,address problem,address problems,address problem,addressing problems,addressing problem,address problem,addressing problem,addressing problem,address problems,address problem,addresses problem,address problem,address problem,address problem,address problem,address problems,addressing problems,addresses problem,address problem,addressed problem,address problem,addressed problem,addressing problem,addressed problems,address problem,address problems,addressing problem,addressed problems,addressing problems,addressing problem,address problems,addressed problem,address problem,address problem,address problems,addresses problem,address problem,addressed problem,addressed problem,address problems,address problems,address problem,address problem,addressing problems,address problem,addressing problems,address problem,addressed problem,addressed problem,address problem,address problems,address problems,addressed problems,address problem,address problem,address problems,address problems,address problem,addressed problems,addressed problem,address problem,addressed problem,address problem,addresses problem,address problem,address problem,addressed problems,address problem,addressing problems,address problems,addressing problems,address problems,address problems,address problem,addressed problem,address problem,address problem,address problem,addressed problem,addressed problems,address problems,address problems,addresses problem,addressed problems,address problems,addressing problems,addressing problem,address problem,addressing problems,addressed problems,address problem,address problems,addressed problem,address problem,address problems,address problems,address problem,address problems,addressing problems,address problems,address problem,address problems,addressing problems,addressed problems,address problems,addressed problems,addressed problems,addressing problems,addressing problems,address problem,address problems,address problem,address problems,address problems,address problems,addressing problem,addressing problem,address problem,address problems,address problems,addressing problems,address problem,address problem,addressing problems,address problems,address problem,address problem,address problems,address problem,address problems,addressing problem,address problem,address problems,address problems,address problems,address problems,addressing problem,addressed problems,address problem,addressing problem,address problems,address problem,addressed problem,address problems,address problems,addressed problem,address problem,addressing problems,address problem,address problems,address problems,address problems,address problem,address problem,addressed problems,address problem,address problem,addressing problem,address problem,addressing problem,address problem,addressed problems,addressed problem,address problem,address problems,address problems,address problem,address problem,addressing problems,addressing problems,address problem,address problem,address problem,addressing problem,address problems,addresses problems,address problem,addressed problem,address problems,address problem,address problems,address problems,address problems,address problems,address problem,address problems,address problems,address problem,address problems,address problem,address problems,address problem,addressed problem,address problems,addressing problem,address problems,address problem,address problems,address problem,address problems,address problem,addressed problem,address problems,addressing problem,address problem,address problems,address problems,address problems,address problem,address problems,addressed problem,address problem,address problems,addressed problem,address problem,addressed problem,address problem,address problem,addressed problems,address problem,address problems,addressed problems,addressed problem,addressing problems,addressed problem,address problem,address problems,address problem,addresses problems,address problem,address problems,addressing problems,addressed problem,addressed problem,address problems,address problems,addressed problem,address problem,address problem,address problem,addressing problem,address problem,addressed problem,address problems,address problems,addresses problem,address problems,address problem,address problem,addressed problems,address problem,address problems,address problems,addressing problem,addressed problem,address problem,address problem,address problems,address problem,addressing problems,addressing problem,address problem,addressing problem,addressing problem,address problems,address problem,addresses problem,address problem,address problem,address problem,address problems,addressing problems,addresses problem,address problem,addressed problem,address problem,addressed problem,addressing problem,address problem,address problems,addressing problem,addressed problems,addressing problems,addressing problem,address problems,addressed problem,address problem,addresses problem,address problem,addressed problem,addressed problem,address problems,address problems,address problem,address problem,addressing problems,address problem	8	address problems problems,address problem,problem addressing,problem problem addressed,have to address problem,address address problem address,address address problems address,address address problem address,addressing addressing addressing problems,addressing addressing problem,address problem,addressing problem problem,addressing addressing problem,address problems,address problem address,addresses problem problem,address address problem problem problem,address address problem problem problem problem address,problem address,address address problem address,address problems problems,problems addressing addressing addressing,addresses addresses addresses problem,address problem problem address,problem addressed,address problem problem,has addressed problem,problem addressing addressing,addressed problems addressed be,problem address address,address address problems address,addressing problem problem,problems addressed addressed addressed addressed be,addressing problems,are addressing addressing addressing problem problem,address address address problems address,will be addressed problem,address problem,address problem address,address address problems address,addresses addresses problem problem,address address address problem problem address address,problem be addressed,addressed addressed addressed problem addressed be,address address address address problems,address address problems address,address problem,address problem problem,addressing addressing addressing problems,problem address address,addressing problems problems,problem address,problem be addressed,problem be addressed,address problem address address,will address problems address,address address problems problems,addressed problems addressed has,address problem address,address problem problem,address problems problems,address address address problems,address problem,problems are addressed,problem addressed,address address problem problem,problem is being addressed,address address problem problem,addresses addresses addresses addresses problem,address problem,address problem problem,problems be addressed,address problem problem,addressing addressing problems problems,address problems address,addressing problems,address address problems problems,address address problems address address,problem address address,problem be addressed,address address address address,problem address,address problem,problem be addressed,problems be addressed addressed addressed,problems address,problems problems address address address,addresses addresses problem problem,problems be addressed addressed addressed addressed addressed addressed,address problems,addressing problems problems,addressing addressing problem problem,problem address,addressing problems problems addressing,problems be addressed addressed addressed,address address problem,address address problems,problem will be addressed,address problem address,address address problems problems,address problems problems,problem address address,address problems problems,problems addressing,address problems problems,address problem,address problems,addressing problems,be addressed addressed problems,problems address,be problems addressed addressed addressed,problems be addressed,addressing problems,addressing addressing problems,address address,address address problems,address address problem problem,problems address address address,address address address address,address problems address,addressing addressing addressing problem,problem are addressing,problem problem address address,address address problem,address address problems,addressing problems problems,address address problem problem,address address problem,problems addressing addressing,address address address problems,address problem,address problem,address address address problems,address address address problem,address problems address,are addressing addressing addressing problem addressing,problem address address address,problems address address address,address address problems address address,problems address,address problems,addressing problem,addressed problems,address problem problem,problem addressing addressing addressing,address address problems address,address address address problem,problem be addressed,problems address address address,address problems problems,problem has been addressed,problem address address address,addressing addressing problems,address problem problem,address address problems address,address address problems address,address problems problems,address problem problem address,problem address address address address,will have addressed addressed problems problems addressed,problem address,problem address,addressing addressing problem problem,problem address,addressing problem problem addressing,problem problem address,problems will be addressed,addressed addressed problem,problem address,address address problems address,address problems,address address address problem,address problem,addressing problems,addressing problems problems,address problem,problem address,problem address,addressing addressing problem problem,address problems,addresses problems problems addresses,address address problem problem address,problem problem will be addressed,address problems problems address,address address problem problem,address problems,address problems,address problems,problems address,address problem,address address problems,address problems,problem problem,address problems,problem address,address problems address,address problem problem,problem be addressed,address address problems address,addressing problem problem,address problems,address problem,address problems,address problem,address problems,address problem,will be addressed addressed problem addressed,address address problems address,addressing addressing problem,address address address problem,address problems,address problems,problems problems,address address problem,will address problems problems address,problem be addressed,address address address problem address,address address address problems problems,problem be addressed,address address problem address,be addressed addressed problem,problem address address,problem address address,problems are being addressed,address problem,address address problems address,problems be addressed,problem be addressed,addressing problems problems,problem be addressed,address problem,address problems,problem address,addresses problems problems addresses,problem address address address,problems address,addressing problems addressing,problem be addressed,problem be addressed,address address problems address,address problems problems,addressed addressed problem,address address problem problem address,problem address,does address problem problem,addressing addressing addressing problem,problem address,have addressed problem,problems addressed,address problems,addresses problem problem problem,problems address address address address,address address problem problem address,address address problem problem,problems be addressed addressed,address address address problem problem,does address address address address,address problems problems,are problem addressing,be problem problem addressed,address problem problem,address address problem problem,address address problems problems,address address problem problem,addressing addressing addressing problems,addressing problem problem,address problem problem,addressing problem problem,addressing problem problem,address address address problems problems,address address problem problem,problem problem problem,address address address problem problem,address problem problem,problem address address,address problems problems,problems addressing addressing,addresses addresses addresses problem problem,address address problem problem,be addressed addressed addressed problem problem,address problem problem,addressed problem problem,addressing addressing problem,problem address address address,address address problems,addressing problem problem,problems be addressed addressed addressed addressed,addressing problems,are addressing addressing addressing addressing problem,address address address problems,will be addressed problem,address address problem,addresses addresses problem problem,address address address problem problem address,problem problem be addressed,addressed addressed be addressed problem,address address address problems,address address address problems,address problem,address problem problem,addressing problems problems,problem address address address	114	Lösung der Probleme,anzugehen Problem,Problem angehen,dieses Problem angehen,muss muss angehen Problem,sich dieses Problems anzunehmen,sich der probleme angenommen,sich dieses Problems angenommen,beschäftigt sich mit Probleme,Bewältigung dieses Problems,anpacken Problem,Lösung dieses Problems,Behandlung dieses Themas,Lösung Probleme,uns Problem widmen,Lösung des Problems,Lösung für dieses Problem finden,bei der Suche nach einer Lösung ansetzen,Problem Lösung,uns mit Problem auseinandersetzen,Lösung der Probleme,problemen Priorität einräumen wird,bezieht sich auf Problem,sich des Problems annehmen,Problem greift,Lösung des Problems,hat angesprochen Problem,Problem aufgeworfen wird,über Probleme gesprochen werden,Problem gelöst werden,Beseitigung von problemen sicherstellen,Lösung dieses Problems,Probleme in Angriff zu nehmen sind,NULL Problemen,NULL suchen nach Lösung des Problem,eine Lösung für Probleme finden,wird wird behandeln Problem,ansprechen Problem,gegen Mobbing unternommen,uns mit Probleme auseinandersetzen,widmet sich diesem Problem,etwas zur Lösung des Problems zu unternehmen,Problem ist beizukommen,eine Lösung für Probleme gefunden werden,zur Sprache zu bringen Probleme,uns mit Problemen befassen,anzugehen Problem,Lösung solcher Probleme,die Lösung von problemen,Problem zu sehen,Lösung der Probleme,Problem anzupacken,Problem werden angegangen,Problem NULL angehen,nimmt Problem in Angriff,wird auf Probleme geachtet,sich zuzuwenden den Problemen,auf Probleme eingegangen ist,gegen Problem unternehmen,Lösung des Problems,Bewältigung seiner Probleme,zur Sprache bringen Probleme,anzugehen Problem,Probleme werden angegangen,Problem NULL,die Behandlung des Problems,Problem wird wird angegangen,Lösung für das Problem,sich mit auseinander setzt Problem,Abhilfemaßnahmen Abhilfemaßnahmen,Behandlung dieses Problems,Probleme werden gelöst,Lösung des Problems,sich annimmt der Probleme,sich Problemen zuwendet,anzugehen Probleme,die Linderung der Probleme,uns mit Problemen auseinander setzen,Problem anzugehen ist,Problem werden angegangen,etwas gegen Probleme unternehmen,Problem anzupacken,aufzugreifen Problem,Problem werden angegangen,Probleme NULL sich anpacken lassen,Probleme bewältigen,die Probleme einer Lösung zuzuführen,Umgang mit dem problem,Probleme NULL mit denen man sich auseinander setzt,anzugehen Probleme,Behandlung der probleme,die Bekämpfung dieses Problems,etwas erreichen,auf diese Probleme abzielt,probleme werden in Angriff genommen,zu diesem Problem,Verminderung von problemen,Problem wird wird regeln,diesem Problem beizukommen,Lösung für unsere Probleme,Lösung dieser Probleme,Problem angegangen werden,Beseitigung der Probleme,Probleme behandeln,Lösung dieser Probleme,anzugehen Problem,anzugehen Probleme,NULL Probleme,NULL Lösungsmöglichkeiten für Fragen,Probleme klären,NULL Probleme eine Antwort erfordern,Probleme werden gelöst,Bekämpfung Probleme,Lösung von Problemen,Problem bewältigen,Bewältigung von Problemen,sich anzunehmen dieser Problematik,Probleme sich damit befassen,Probleme zur Sprache bringen,auf probleme ausgerichtet,Fortschritte machen in Angelegenheit,Problem NULL angehen,diesem Problem gerecht wird,Lösung finden NULL,Behebung von Problemen,Behandlung der Probleme,uns befassen damit Problem,mit befassen Problem,Schwachstellen angegangen werden,in Angriff nehmen Probleme,Handlungsbedarf Handlungsbedarf,anzugehen Problem,in Angriff nehmen Problem,fertig werden mit Problem,sich Problemen widmen,NULL setzen uns mit Problem auseinander,Problem in Angriff nehmen,Probleme berücksichtigt worden sind,sich mit Problemen beschäftigen wird,Probleme überwinden,anzupacken Probleme,anzusprechen Problem,umfassen Probleme,Inangriffnahme dieses Problems,Problem zur Sprache bringen,Lösungen für Probleme finden,in Angriff nehmen Problem,Problem NULL angehen,Probleme lassen sich lösen,Lösung der Probleme,Problem wurde wurde behandelt,Problem angegangen werden soll,erörtert werden Probleme,Lösung des Problems,uns um Probleme kümmern,geht auf Probleme ein,Bewältigung der Probleme,uns dem Problem widmen,Problem in den Griff bekommen,wird haben man sich den problemen gewidmet,Problem angehen,Problem anzugehen,das Bewältigen dieses Problems,Problem lösen,mit dem Problem umgehen,dieses Problem anzugehen,Probleme werden werden angegangen,wird behandelt Problem,Problem bekämpfen,uns um Problemen kümmern,anzugehen Probleme,ging vor gegen Problem,anzugehen Problem,lösen Probleme,Bekämpfung dieser Probleme,anzugehen Problem,Probleme anzugehen,Problem angehen,Umgang mit dem Problem,ansprechen Probleme,sich der Probleme annimmt,sich mit diesem Problem beschäftigen,dieses Problem wird wird behandelt,sich den Problemen zuwenden,vorzugehen gegen dieses Problem,anzugehen Probleme,Bewältigung Probleme,anzugehen Probleme,Probleme lösen,anzugehen Problem,werden gelöst Probleme,anzugehen Probleme,Problem lösen,bewältigen probleme,Problem angehen,gegen Probleme vorzugehen,Bewältigung des Problems,Problem werden behandelt,uns mit Problemen befassen,Lösung dieses Problems,ansprechen Probleme,behandeln Problem,anzusprechen probleme,lösen Problem,anzugehen Probleme,anzugehen Problem,NULL NULL sich mit Problem beschäftigen,sich mit Problemen befassen,spricht an Problem,in Angriff nehmen Problem,anzugehen Probleme,Herausforderungen bewältigen,Probleme lösen,herangehen an Problem,wird sich der Probleme widmen,Sache werden geklärt,sich mit dem problem befassen,eine Lösung für Problem finden,Problem werden angegangen,uns mit Strukturmängeln befassen,NULL Lösung dieses Problems,Problem gelöst werden,Problem berücksichtigt haben,probleme werden werden behandelt,anzugehen Problem,sich um Probleme kümmern,probleme werden behandelt,Problem werden behandelt,Lösung der Probleme,Problem werden gelöst,anzugehen Problem,ansprechen Problematik,Problem anzugehen,auf die Probleme eingeht,Problem in Angriff nehmen,Probleme lösen,sich Themen gewidmet,Probleme werden angegangen,Problem werden angesprochen,Antworten auf probleme geben,begegnen den Problemen,hat angesprochen Problem,sich mit dem Problem befassen,Problem lösen,werden gelöst das Problem,die Lösung dieses Problems,Problem ansprechen,haben angesprochen Problem,Probleme abzustellen,anzugehen Probleme,berührt einen wunden Punkt,Probleme in Angriff genommen werden,sich mit dem Problem auseinandersetzt,die Lösung des Problems,Probleme NULL Berücksichtigung finden,kann begegnet werden dem Problem,NULL geht auf probleme ein,Lösung der Probleme,NULL Problem angehen,NULL dieses Problem angehen,ansprechen das Problem,sich anzunehmen dieses Problems,sich angenommen der probleme,sich angenommen dieses Problems,beschäftigt sich mit Probleme,Bewältigung dieses Problems,anpacken dieses Problem,Lösung dieses Problems,Behandlung dieses Themas,Lösung finden für diese Probleme,uns widmen dem Problem,Lösung des Problems,Lösung finden für dieses Problem,Lösung der Lage,Problem uns auseinandersetzen,Lösung der Probleme,problem Priorität einräumen,bezieht sich auf dieses Problem,sich annehmen des Problems,NULL sich beschäftigen mit dem Problem,Lösung des Problems,angesprochen dieses Problem,wird aufgeworfen Problem,Problem sollte gelöst werden,Beseitigung von problemen,Lösung dieses Problems,Probleme sind in Angriff zu nehmen,zu Problemen,NULL suchen nach einer Lösung Problem,Lösung finden für Probleme,wird NULL behandeln Problem,unternommen gegen Mobbing,widmet sich diesem Problem,etwas zur Lösung des Problems unternehmen,dem Problem ist beizukommen,Lösung gefunden werden für Probleme,zur Sprache bringen Probleme,uns befassen mit Problemen,anzugehen Problem,Lösung solcher Probleme,Lösung von problemen,Problem sehen in Zusammenhang	235	Lösung des Problems,Problem angehen,sich Problem annehmen,sich Problematik annehmen,sich mit Problem beschäftigen,Bewältigung Problem,Problem anpacken,Behandlung Thema,sich Problem widmen,für Problem Lösung finden,bei der Suche nach einer Lösung ansetzen,sich mit Problem auseinandersetzen,Problem Priorität einräumen,sich auf Problem beziehen,Problem in Angriff nehmen,Problem behandeln,Problem greifen,Problem ansprechen,Problem aufwerfen,über Problem sprechen,Problem lösen,Beseitigung von Problem sicherstellen,Beseitigung Problem,Problem NULL,für Problem nach Lösung suchen,gegen Mobbing unternehmen,Problem zur Sprache bringen,Lösung Problem unternehmen,Problem beikommen,sich mit Problem befassen,Problem sehen,auf Problem achten,sich Problem zuwenden,gegen Problem etw. unternehmen,Behandlung Problem,NULL NULL,Linderung Problem,Problem aufgreifen,Problem bewältigen,Problem einer Lösung zuführen,Umgang mit Problem,Bekämpfung Problem,erreichen,auf Problem abziehlen,sich mit NULL befassen,Lösung finden,Lösung Lage,Herausforderung bewältigen,Problematik ansprechen,mit Problem umgehen,Problem Berücksichtigung finden,Problem regeln,Problem klären,Sache klären,sich Thema widmen,Inangriffnahme Problem,Problem in den Griff bekommen,Problem bekämpfen,Problem überwinden,Problem berücksichtigen,Problem umfassen,Verminderung von Problem,Lösungmöglichkeit für Frage,Problem Antwort erfordern,auf Problem ausrichten,Problem gerecht werden,Behebung von Problem,Auf Problem Antwort geben,mit Problem fertig sein,sich um Problem kümmern,Problem erörtern,gegen Problem vorgehen,Problem begegnen,Problem abstellen,Schwachstelle angehen,in Angelegenheit Fortschritte machen,an Problem herangehen,Einen wunden Punkt berühren,Handlungsbedarf	79	Literal,Figurative,Figurative,Figurative,Literal,Literal,Figurative,Literal,Figurative,Literal,Literal,Literal,Figurative,Literal,Figurative,Literal,Figurative,Literal,Figurative,Literal,Literal,Literal,Figurative,-,Literal,Literal,Literal,Literal,Literal,Literal,Figurative,Literal,Literal,Literal,Literal,-,Literal,Figurative,Literal,Figurative,Literal,Figurative,-,Literal,-,Literal,Literal,Literal,Literal,Literal,Literal,Literal,Literal,Literal,Literal,Figurative,Figurative,Figurative,Literal,Literal,Figurative,Literal,Literal,Literal,Figurative,Literal,Literal,Literal,Literal,Literal,Literal,Literal,Literal,Figurative,Figurative,Literal,Figurative,Figurative,-
address question	125	address question,address question,address question,addressed questions,address question,addressed questions,addressed question,addresses question,address question,addressed question,address question,addressed question,address questions,address question,address question,address question,addressing question,address questions,address question,address question,addressed question,address question,address questions,addressed question,addressed question,addressing question,addressed questions,address question,address question,addressed questions,address question,address questions,addressed question,address questions,address question,addressed question,addressed questions,address question,addressed question,address question,addressing question,addressed questions,address question,address question,address questions,address question,address questions,address question,address question,address question,address question,address questions,address question,address questions,address question,address question,address questions,addressed questions,address question,address question,addressed question,addressing questions,address question,address questions,address question,addressed question,addressed questions,addressed question,address question,address question,address questions,addresses question,address questions,addressed question,address questions,addressed question,address question,addressed question,address question,address question,address question,addressed question,addressed question,address questions,address question,address question,address question,address question,addressed question,address question,address questions,address question,addressed question,addressed questions,address question,addresses question,addressing question,address question,address questions,addressed question,address question,address question,address question,address question,address question,addressed questions,address question,addressed questions,addressed question,addresses question,address question,addressed question,address question,addressed question,address questions,address question,address question,address question,address questions,address question,address question,address question,address questions,addressing question,addressed questions	7	address address question question,question address,question address,questions have to be addressed,address question,questions addressed addressed,has been addressed addressed question,addresses question addresses,address address question address,addressed addressed addressed,address question address,question be addressed addressed addressed,address questions address,address question question address,address question,did address question address,addressing question,address questions address,address address question,address question address,is addressed addressed addressed question addressed,address question,address questions questions,has been addressed question addressed,has addressed question,addressing addressing addressing question,be addressed questions addressed addressed addressed addressed,address question address address,address question,questions be addressed,address address question address,address questions address,question has been addressed,address questions address address address,address question,question be addressed,questions be addressed addressed,address question address address,question be addressed,will address address question address,addressing question question addressing addressing,questions addressed addressed,question address,address question address address,questions address,question address address address,address questions address,address question address address,address question,address address address question question,address question,address questions,address address address question question,address questions,address question,address address question address,address questions address address address,questions having posed,address questions,address question,question be addressed addressed addressed,addressing addressing questions,address address question address,address questions,address address question,question be addressed addressed addressed,questions are addressed,have addressed question,will address address question address,address question,will address address questions address,question addresses,address address questions,is addressed addressed addressed question addressed,will address questions,addressed question,address address question,question will be addressed,question question question question address address address,address address address address question,address question question,question has addressed,has addressed addressed question question addressed,address questions,address address question question address,address question question address,address address address question question,address question,addressed addressed question question,question question address,questions address,address address question,question was addressed addressed addressed,have been addressed addressed addressed questions,will address question,addresses addresses question,addressing question question,question question question address,address questions,addressed question,address question,address question,address address address question question,question address,address address question question,be questions addressed,address address address question,be questions addressed,has been addressed addressed question,addresses addresses question question,address address question address,addressed addressed question,address address question,be question addressed addressed addressed,address address questions,address address question question,address question,address address question,address questions questions,address address question question,address address question,address question,address questions address,addressing addressing addressing question,be addressed addressed addressed addressed questions	64	mit auseinandersetzen der Frage,frage ansprechen,Frage zuwenden,Fragen werden werden werden behandelt,beschäftigen Frage,Fragen zu gehören,ist ist eingegangen auf Frage,auf Frage eingeht,uns mit Frage befassen,auf Frage einging,auf NULL einzugehen,Frage wird in Betracht gezogen,auf Fragen eingehen,mich der Frage zuwenden,behandelt Frage,NULL auf Frage eingegangen,erörtern Frage,mich fragen zuwenden,sich widmen Frage,zur Frage kommen,NULL auf die sich Frage bezog,beantworten Frage,auf Fragen eingehen,sind sind auf Frage eingegangen,hat beantwortet Anfrage,im Hinblick auf NULL,NULL für Probleme wir eine Lösung finden,mit Frage auseinander setzen,sehen Problem,Fragen werden behandelt,uns mit Frage beschäftigen,auf Fragen eingehen,Frage wurde wurde berücksichtigt,auf Fragen zu sprechen kommen,betreffen Frage,Frage werden angesprochen,Fragen NULL zu klärenden,mit Frage auseinander setzen,Frage werden behandelt,wird sich mit Frage befassen,sich dieser Frage gewidmet hat,Anfragen eingereicht wurden,Frage erörtern,auf Frage wird eingegangen,Fragen aufgreifen,Frage ins Spiel bringen,uns Fragen widmen,auf Problem verwendet werden,behandeln Frage,befasst sich mit der Frage,prüfen NULL,angehen Fragen,befassen uns mit der Frage,anzugehen Fragen,anzugehen Frage,sich mit Frage befassen,auf Fragen zu sprechen kommen,Frage habe gestellt,anzugehen Fragen,anzugehen Frage,Frage NULL einer Erörterung bedarf,komme zu Fragen,uns mit Frage befassen,angehen Fragen,auf einzugehen Anfrage,frage werden in Angriff genommen,Fragen werden behandelt,NULL NULL NULL,wird sich mit Frage beschäftigen,erörtere Frage,wird sich mit Fragen beschäftigen,Frage angeht,eingehen auf Fragen,NULL man sich mit Frage befasst,werde ansprechen Fragen,angeschnitten Frage,eingehen auf Frage,Frage wird wird angesprochen,Mir geht es um Frage,behandeln dieses Thema,Problem NULL behandelt,hat sich mit den Fragen befaßt,ansprechen Fragen,sich mit den Fragen befaßt,sich dieser Frage annehmen,geht ein auf die Frage,anzugehen Frage,wurde nachgegangen der Frage,der Frage nachzugehen,Fragen zusammenfassen,wird angesprochen Frage,Anfrage ist zur Sprache gekommen,hat hat sich befaßt mit Fragen,wird aufgreifen Frage,greift auf Problem,stellen Ihre Frage,mit diesem Problem auseinandersetzen,erörten Fragen,erwähnte Frage,klären Frage,Zur Frage,uns auseinandersetzen mit der Frage,frage ansprechen,uns zuwenden dieser Frage,werden Fragen behandelt,mich beschäftigen mit Frage,NULL Fragen gehören,ist ist eingegangen auf Frage,eingeht auf die Frage,uns mit Frage befassen,einging auf Frage,einzugehen auf NULL,wird Frage in Betracht gezogen,eingehen auf Fragen,mich zuwenden der Frage,behandelt Frage,eingehen auf Frage,zuwenden den fragen,sich widmen dieser Frage,komme zur Frage,beantworten Frage,auf Fragen eingehen,im Hinblick auf NULL,NULL eine Lösung finden für Probleme	105	sich mit Frage auseinandersetzen,sich mit Problem auseinandersetzen,Frage ansprechen,auf Frage zu sprechen kommen,sich Frage zuwenden,Frage behandeln,Thema behandeln,Problem behandeln,sich mit Frage befassen,Frage zusammenfassen,sich mit Frage beschäftigen,auf Frage eingehen,auf Anfrage eingehen,auf NULL eingehen,Frage erörtern,sich Frage widmen,zur Frage kommen,Anfrage zur Sprachen kommen,Frage berücksichtigen,Frage beantworten,Anfrage beantworten,für Problem Lösung finden,Frage angehen,sich Frage annehmen,Frage stellen,NULL NULL,Frage in Angriff nehmen,Problem sehen,Frage betreffen,auf Problem verwenden,zu Frage gehören,Frage in Betracht ziehen,sich auf Frage beziehen,NULL prüfen,im Hinblick auf NULL,Frage nachgehen,Frage aufgreifen,Problem aufgreifen,Frage klären,Jemandem geht es um Frage,Frage erwähnen,Frage Erörterung bedürfen,zu klärenden Frage,Frage anschneiden,Zur Frage	45	Literal,Literal,Literal,Literal,Figurative,Figurative,Literal,Literal,Literal,Literal,Literal,Literal,Figurative,-,Literal,Literal,Figurative,Figurative,Literal,Literal,Literal,Literal,Figurative,Literal,Literal,-,Figurative,Figurative,Literal,Figurative,Figurative,Figurative,Literal,-,-,Figurative,Figurative,Figurative,Literal,Literal,Literal,Literal,Literal,Figurative,-
address situation	9	address situation,addressing situation,address situation,address situation,addressing sitßuation,address situation,address situation,addresses situation,address situation	3	situation situation address address address,addressing situation situation,address address situation situation,address address,addressing addressing situation situation,situation situation address address address,address address address address situation,addresses situation addresses addresses,address situation situation	8	das Problem einer Lösung zuführen,Bewältigung der Probleme,Beschäftigung mit der Situation,Problem anpacken,Befassung mit der Situation,der Lage Herr zu werden,in den Griff bekommen situation,der Lage gerecht wird,Erörterung der Situation	9	Problem einer Lösung zuführen,Bewältigung Problem,Beschäftigung mit Situation,Problem anpacken,Befassung mit Situation,Situation in den Griff bekommen,Erörterung Situation,Lage Herr werden,Lage gerecht werden	9	Figurative,Literal,Literal,Figurative,Literal,Figurative,Literal,Figurative,Literal
address topic	2	address topics,address topic	2	topics address,address topic address address address	2	Themen anzusprechen,setzte Problematik auf die Tagesordnung	2	Thema ansprechen,Problematik auf die Tagesordnung setzen	2	Literal,Literal
affect decision	1	affected decision	1	affected decision decision	1	mir so gegangen	1	Jemandem mit etw. so gehen	1	Figurative
attract worker	3	attracted workers,attract workers,attract workers	2	workers be attracted,attract workers attract,workers attract	3	Arbeitnehmer werden gewonnen,auf Fachpersonal zurückgreifen,Fachkräfte anzuwerben	3	Arbeitnehmer gewinnen,auf Fachpersonal zurückgreifen,Fachkraft anwerben	3	Figurative,Figurative,Literal
cancel project	2	cancelled projects,cancel project	2	be projects cancelled,cancel project	2	werden Projekten gestrichen,stoppen Projekt	2	Projekt streichen,Projekt stoppen	2	Figurative,Literal
cause confusion	2	causes confusion,caused confusion	2	causes confusion,caused confusion confusion	2	schafft Verwirrung,riefe Verwirrung hervor	2	Verwirrung schaffen,Verwirrung hervorrufen	2	Literal,Figurative
cause death	2	cause death,caused death	2	cause cause death,death caused	2	führt zum Tod,Todesfälle verursachten	2	zu Tod führen,Todesfall verursachen	2	Literal,Literal
cause fear	1	causing fear	1	causing fear	1	ausgelöst Befürchtungen	1	Befürchtung auslösen	1	Literal
cause reaction	1	cause reaction	1	cause reaction	1	hervorrufen Reaktion	1	Reaktion hervorrufen	1	Figurative
cause violence	1	causing violence	1	causing violence	1	verursacht Gewalt	1	Gewalt verursachen	1	Literal
corrupt mind	1	corrupt minds	1	minds corrupt	1	Seelen verderben	1	Seele verderben	1	Figurative
damage confidence	9	damaged confidence,damaged confidence,damage confidence,damaged confidence,damage confidence,damaged confidence,damaged confidence,damage confidence,damage confidence	2	have damaged confidence,confidence confidence has been damaged damaged,confidence damage,confidence has been damaged,confidence damage,confidence be damaged damaged,confidence has been damaged damaged,will damage confidence confidence,damage confidence confidence	8	haben erschüttert Vertrauen,das Vertrauen hat hat Schaden genommen,Vertrauen beschädigen,vertrauen wurde wurde beschädigt,vertrauen erschüttert,Vertrauen wird Schaden nehmen,Vertrauen haben haben Schaden genommen,wird schaden dem Vertrauen,schaden dem Vertrauen	9	Vertrauen erschüttern,Vertrauen Schade nehmen,Vertrauen beschädigen,Vertrauen schaden	4	Figurative,Figurative,Literal,Literal
determine outcome	1	determine outcome	1	determine determine outcome	1	entscheiden über Anfechtung	1	über Anfechtung entscheiden	1	Literal
end agreement	2	end agreement,ending agreement	2	agreement end,ending ending agreement agreement	2	Vereinbarung kündigen,die Außerkraftsetzung eines abkommens	2	Vereinbarung kündigen,Außerkraftsetzung Abkommen	2	Literal,Literal
end contract	1	end contract	1	contract end end	1	Vertrag wurde aufgelöst	1	Vertrag auflösen	1	Figurative
end cycle	2	end cycle,ending cycle	2	end cycle,cycle cycle	2	durchbrechen Spirale,Kreislauf durchbrechen	2	Spirale durchbrechen,Kreislauf durchbrechen	2	Figurative,Figurative
end investigation	1	end investigations	1	end investigations	1	beenden Ermittlungen	1	Ermittlung beenden	1	Literal
finalise agreement	2	finalised agreement,finalised agreements	2	had agreement finalised,agreements finalised	2	ist Abkommen unterschriftsreif,abkommen abgeschlossen	2	Abkommen unterschriftsreif sein,Abkommen abschließen	2	Figurative,Literal
finalise deal	1	finalised deal	1	deal is finalised	1	Vereinbarung wurde abgeschlossen	1	Vereinbarung abschließen	1	Literal
finalise plan	1	finalised plan	1	was finalised plan	1	NULL vorgelegten plan	1	vorgelegten Plan	1	Literal
finalize deal	1	finalize deal	1	finalize deal deal finalize	1	zu einem Schlußergebnis gelangen	1	zu Schlußergebnis gelangen	1	Literal
forget problem	1	forget problems	1	forget problems	1	vergessen Probleme	1	Problem vergessen	1	Literal
get chance	2	get chance,get chance	1	get chance,chance chance chance	2	erhalten Möglichkeit,eine Möglichkeit haben	2	Möglichkeit erhalten,Möglichkeit haben	2	Figurative,Literal
get disease	2	gets disease,get diseases	2	gets disease,diseases get might	2	erkrankt erkrankt,Krankheiten bekommen kann	2	Krankheit bekommen,erkranken	2	Figurative,-
get idea	1	got ideas	1	got ideas	1	Ihre Konzepte	1	Konzept NULL	1	-
get information	6	get information,got information,get information,get information,get information,get information	2	get information get,have information got got,information get,get information,get information,information get	4	erfahren mehr über,NULL Einzelheiten liegen vor,informationen erhalte,ablesen Informationen,NULL Informationen,Informationen unzugänglich	6	Information erhalten,Information ablesen,Information NULL,Einzelheit vorlegen,erfahren mehr über,Information (un)zugänglich	6	Literal,Literal,-,Literal,-,Figurative
get message	1	got message	1	have got message	1	haben vernommen Botschaft	1	Botschaft vernehmen	1	Literal
get opportunity	3	got opportunity,get opportunity,getting opportunity	3	got opportunity,get opportunity,opportunity getting	3	erhielten Gelegenheit,erhalten Möglichkeit,Möglichkeit hatten	3	Gelegenheit erhalten,Möglichkeit erhalten,Möglichkeit haben	3	Figurative,Figurative,Literal
get problem	1	got problem	1	got got problem	1	steht vor Problem	1	Problem vorstehen	1	Figurative
get result	3	get results,getting result,get result	3	get get get results,getting getting result,get result	3	belohnt werden mit Ergebnissen,hat erzielt Ergebnis,erhalten Ergebnis	3	Mit Ergebnis belohnen,Ergebnis erziehlen,Ergebnis erhalten	3	Figurative,Literal,Figurative
improve economy	7	improve economy,improving economy,improve economy,improve economies,improve economies,improve economy,improve economies	3	improve improve improve economy,improving improving economy economy,improve economy,improve economies economies,improve economies,improve economy,economies improve improve	6	zum Wohle der Wirtschaft,die Stärkung der Wirtschaft,verbessern Wirtschaft,verbessern wirtschaftliche Lage,Wirtschaftsaufschwung Wirtschaftsaufschwung,verbessert Wirtschaft,Wirtschaften zu stärken	7	Wirtschaft verbessern,wirtschaftliche Lage verbessern,Wirtschaft stärken,Stärkung Wirtschaft,Wirtschaftsaufschwung NULL,zum Wohle der Wirtschaft	6	Literal,Literal,Figurative,Figurative,-,Figurative
improve service	3	improve services,improve services,improve services	1	improve services,improve services,improve services services	2	verbessern Leistungen,verbessern dienst,Verbesserung der Dienstleistungen	3	Leistung verbessern,Dienst verbessern,Verbesserung Dienstleistung	3	Literal,Literal,Literal
improve situation	17	improve situation,improve situation,improve situation,improving situation,improving situation,improve situation,improve situation,improved situation,improve situation,improving situation,improve situation,improve situation,improving situation,improve situation,improve situation,improved situation,improving situation	3	improve situation situation,improve improve improve situation,improve situation,improving situation situation,improving situation,improve situation,improve situation situation,situation has improved improved,improve situation situation,improving situation,improve improve improve situation,improve improve improve situation,improving situation,improve situation,situation will improve improve,situation had improved improved,improving situation situation	8	Verbesserung der situation,sich ändert an Situation,verbessern Lage,Verbesserung der Situation,verbessern Situation,verbessern Situation,Verbesserung des Umweltschutzes,Menschenrechtssituation hat sich verbessert,Verbesserung ihrer Situation,verbessert Situation,muss verbessert werden Sachlage,verbessert werden könnte Versorgungslage,verbessern situation,verbessert Lage,Lage wird sich verbessern,Situation hat sich verbessert,Verbesserung der Lage	16	Verbesserung Situation,Verbesserung Lage,Lage verbessern,Situation verbessern,Sachlage verbessern,sich an Situation ändern,Verbesserung Umweltschutz	7	Literal,Literal,Literal,Literal,Literal,Literal,Literal
improve system	9	improving system,improve system,improve system,improve systems,improve system,improved system,improve systems,improve systems,improved system	4	improving improving system system,improve system system,improve system,improve systems,improve system system,be system improved,improve systems systems,improve improve systems,system be improved	8	die Verbesserung des systems,verbessern das System,verbessern system,verbessern systeme,Verbesserung des Justizwesens,NULL System verbessern,Verbesserung der systeme,Verbesserung der Justizapparate,system werden verbessert	9	Verbesserung System,System verbessern,Verbesserung Justizwesen,Verbesserung Justizapparate	4	Literal,Literal,Literal,Literal
improve work	2	improve work,improve work	1	improve work work,improve work	2	Verbesserung unserer Arbeit,verbessern Arbeit	2	Verbesserung Arbeit,Arbeit verbessern	2	Literal,Literal
invest money	24	invested monies,invested money,invest money,invested money,investing money,invest money,investing money,invest money,invest money,invested money,investing money,invested money,invested money,investing money,invested money,investing money,invest money,invest money,invest money,invested money,invest money,investing money,invested money,invested money	4	invested monies,money being invested,money invest,money be invested,investing money,invest money,money money investing,invest money,money money,money be invested,money are investing,money be invested,have invested money,investing investing money money,money is invested,money investing,money invest invest,invest money money,invest money,have invested money,invest money,investing money,money is invested,money be invested	15	investierte Geld,Summe investierten investierten,Summen investieren,Summen werden investiert,investieren Geld,investieren Geld,finanzielle Unterstützung leisten,investieren Geld,investiertes Geld,Summe NULL Investition,Mittel werden eingesetzt,Geld werden investiert,haben investiert Summen,den Einsatz der Gelder,Investitionen NULL Investitionen,Gelder anzulegen,Geld in stecken,Investition dieses Geldes,investieren Geldes,haben investiert Geld,investieren Geld,investiert Geld,Gelder werden angelegt,Summe werden investiert	21	Geld investieren,Summe investieren,Investition Geld,finanzielle Unterstützung leisten,Summe Investition,Investition,Mittel einsetzen,Einsatz Geld,Geld anlegen,Geld in etw. stecken	10	Literal,Literal,Literal,Literal,Literal,-,Figurative,Literal,Literal,Figurative
make comment	33	make comments,made comments,making comments,make comments,make comments,make comments,make comments,make comments,made comment,made comments,make comment,make comment,made comments,made comments,made comments,made comments,make comment,make comments,made comment,make comments,make comment,make comment,make comments,make comments,make comment,make comments,make comments,made comment,made comments,made comments,make comments,made comments,make comment	5	make comments,made comments,comments making,make make make comments,comments make,make comments,make comments,comments make,was comment made,comments have made,make comment,comment comment make,comments made,has been comments made,have made comments,comments made,make comment,comments make comments,comment made,make make comments,make comment,make comment,make make comments,make make comments,make comment comment,make comments,make comments,made made comment,comments being made,comments have made,make make comments,comments made,make comment	18	NULL Bemerkungen,ihren Äußerungen,Kommentare NULL,eingegangen ist auf Bemerkungen,dazu äußern,machen Bemerkungen,ansprechen Punkte,Ausführungen NULL,NULL Bemerkung NULL,Bemerkungen NULL Bemerkungen,machen Bemerkung,die Frage stellen,Bemerkungen von,NULL NULL Aussagen gemachten,habe bemerkt etwas,Kommentare NULL,NULL Hinweis,etwas sagen zu,Bemerkungen NULL,eingehen auf Punkte,auf eingehen,nehmen Stellung,mit einbringen Gedanken,einzugehen auf Antrag,mich zu äußern,auf eingehen,NULL kommentieren,hat gemacht Bemerkung,Äußerungen NULL NULL,Ausführungen NULL meine,eingehen auf Bericht,Anmerkungen NULL,NULL Anmerkung	31	Bemerkung NULL,Kommentar NULL,Äußerung NULL,auf Bemerkung eingehen,äußern,Bermerkung machen,Punkt ansprechen,Ausführung NULL,Frage stellen,Aussage machen,bemerken,Hinweis NULL,zu etwas sagen,auf Punkt eingehen,auf NULL eingehen,Stellung nehmen,Gedanke einbringen,auf Antrag eingehen,sich zu etw. Äußern,kommentieren,auf Bericht eingehen,Anmerkung NULL	22	-,-,-,Figurative,-,Literal,Literal,-,Literal,Literal,-,-,-,Literal,-,Figurative,Literal,Figurative,Literal,-,Figurative,-
make connection	3	made connection,making connection,make connection	3	be made connection,connection making,make connection	3	ist bewiesen Zusammenhang,deutlich machen,herstellen Zusammenhang	3	Zusammenhang beweisen,Zusammenhang herstellen,deutlich machen	3	Literal,Literal,Literal
make excuse	1	make excuse	1	make excuse excuse	1	nehmen als Entschuldigung	1	als Entschuldigung nehmen	1	Figurative
make remark	138	make remarks,made remarks,make remarks,made remarks,make remarks,make remark,make remark,make remark,made remarks,made remarks,make remarks,make remarks,made remark,made remarks,make remarks,make remark,make remarks,make remarks,make remarks,make remark,make remarks,made remarks,made remarks,made remarks,made remarks,made remarks,make remarks,made remark,make remarks,making remarks,make remarks,make remark,made remarks,made remarks,make remark,made remarks,made remarks,make remarks,make remarks,make remarks,make remark,made remarks,made remarks,make remark,made remarks,made remarks,make remarks,made remark,make remarks,made remarks,make remarks,made remark,make remarks,made remarks,made remark,making remarks,make remarks,making remarks,made remarks,made remarks,made remarks,make remarks,made remarks,make remarks,makes remarks,made remarks,make remarks,made remarks,made remarks,made remarks,making remark,make remark,making remarks,make remark,make remarks,made remarks,made remarks,made remarks,make remarks,make remarks,make remarks,make remarks,make remarks,make remark,made remarks,made remarks,make remark,made remarks,made remarks,make remarks,make remarks,make remarks,made remarks,made remarks,make remarks,make remarks,make remarks,made remark,make remark,made remarks,make remarks,make remark,made remarks,made remarks,make remarks,make remarks,make remarks,make remarks,make remarks,make remarks,make remark,make remarks,made remarks,made remarks,made remark,made remarks,make remarks,make remarks,made remarks,made remarks,made remark,made remarks,made remarks,made remark,made remarks,making remarks,made remarks,make remarks,making remarks,make remark,make remarks,made remark,made remark,made remarks,make remark,make remarks,made remarks,make remark	7	make remarks,remarks has made,make remarks,remarks made,make remarks,make remark,remark make,make remark,remarks made,were made remarks,make remarks,make remarks,made made remark,remarks made,make remarks,make remark,make remarks,make remarks,remarks make,make remark,make remarks make,remarks made,have been made remarks,remarks made,made remarks,remarks have been made,make remarks make make,remark was made,make remarks,making remarks,make remarks,remark make,remarks remarks remarks remarks remarks made,remarks made,remark make,remarks remarks made made,remarks have been made,make remarks,make remarks,remarks make,make remark,remarks made,remarks made made,make remark,made made remarks,remarks made,remarks make,made remark made,remarks make,remarks made,remarks make,remark made,make remarks,remarks were made,remark was made,making remarks,make remarks,making making remarks,has made remarks,remarks have made,made made remarks,remarks make,remarks made,remarks make make,makes remarks,remarks made made,will make remarks,remarks remarks have made,remarks made made,remarks were made,remark making,did make remark,be making remarks,make remark,make remarks,remarks were made,remarks have been made,remarks were made,make remarks,make remarks,make remarks make,will make remarks,make remarks,make remark,remarks have been made,remarks have made,remark make,made remarks,remarks have been made,make remarks,make remarks,make remarks,remarks have been made,have made remarks,make remarks,make remarks,make remarks,made remark,remark make,remarks are made,remarks remarks,remark make,remarks have been made,made remarks made,make remarks,make remarks,remarks remarks,remarks remarks,make remarks,make remarks remarks,remark make,make remarks,remarks made,made made remarks,remark has made,have made remarks,make remarks,remarks make,made made made remarks,has made made made remarks,made remark,remarks has made,remarks have made,remark made made made,made made remarks,making remarks remarks,made made were remarks,make make,have been making making remarks remarks making,remark make make,make remarks,remark be made,remark having made,remarks are made,make remark,make make remarks remarks,made made remarks,remark make	50	NULL Anmerkungen,Ausführungen hat gemacht,eingehen auf,Bemerkungen NULL,anmerken NULL,machen Bemerkung,Erklärungen abzugeben,voranstellen Warnung,Ausführungen NULL,wurde hingewiesen darauf,machen Anmerkungen,NULL Bemerkungen,äußerte sich NULL,Bemerkungen NULL,NULL Bemerkungen,NULL Bemerkung,machen Anmerkungen,machen Bemerkungen,Bemerkungen NULL,NULL Bemerkung,zu Bemerkungen komme,Bemerkungen NULL,NULL NULL NULL Bemerkungen,Ausführungen NULL,NULL Bemerkungen,Äußerungen NULL NULL erfolgten,mit Anmerkungen auf eingehen,Anmerkung wurde gemacht,machen Anmerkungen,NULL Bemerkungen,machen Bemerkungen,eines anmerken,dessen was zu diesem Thema sagte,Bemerkungen gemachten,Anmerkung NULL,dem was gesagt habe,Äußerungen NULL NULL vorgebrachten,NULL Bemerkungen,treffen Feststellungen,Bemerkung vorausschicken,sagen etwas,Äußerungen NULL,Aussagen hat getroffen,eingehen darauf,hat erwähnt NULL,Bemerkungen gemacht,Dinge anzusprechen,habe etwas gesagt,Feststellungen treffen,Äußerungen NULL,Bemerkungen mache,Äußerung NULL,machen Anmerkungen,Äußerungen NULL NULL,Es wurde geäußert,NULL Äußerungen,machen Bemerkungen,äußerte sich NULL,hat gemacht Bemerkungen,Bemerkungen NULL geäußerten,hat gemacht Bemerkungen,Bemerkungen NULL,Bemerkungen dahingesagt,Worte an richten,wird dargelegt,Anmerkungen gemacht hat,werde machen Bemerkungen,das was habe gesagt,Äußerungen getätigt habe,Ausführungen NULL NULL,damit NULL,NULL machte Bemerkung,NULL eingehen auf,machen Anmerkung,machen Anmerkungen,Anmerkungen NULL NULL,Anmerkungen NULL NULL NULL,Äußerungen wurden gemacht,machen Bemerkungen,NULL Bemerkungen,zu Ihnen sprechen,werde machen Bemerkungen,machen Anmerkungen,mache Bemerkung,Bemerkungen NULL NULL NULL,Bemerkungen NULL NULL,etwas anmerken,sich äußerten,Bemerkungen wurden wurden vorgebracht,machen Bemerkungen,machen Anmerkungen,machen Bemerkungen,Anmerkungen wurden wurden gemacht,haben geübt Kritik,machen Anmerkungen,machen Bemerkungen,eingehen darauf,äußerte sich,Anmerkung machen,Bemerkungen werden gemacht,Bemerkungen machen,Bemerkung anbringen,Bemerkungen werden werden gemacht,brachte Bemerkungen vor,machen Anmerkungen,machen Bemerkungen,Anmerkungen machen,Bemerkungen machen,äußern Bemerkungen,machen einige Anmerkungen,Bemerkung machen,anzubringen Bemerkungen,Worte NULL,hat getätigt Aussagen,Bemerkungen NULL geäußerten,haben geäußert Bemerkungen,machen Bemerkungen,Bemerkungen machen,von ihm verfassten Kommentare,NULL sich mit anlegt NULL,hat erklärt,Ausführungen NULL NULL,Bemerkungen haben gemacht,was ich gesagt hatte,sich äußerte NULL,NULL seine Behauptungen,erhob seine NULL Anschuldigungen,Bemerkung NULL,haben haben sich zu diesem Thema geäußert,etwas anmerken zur,machen Bemerkungen,festzustellen NULL festzustellen,Vorbemerkungen NULL NULL,Bemerkungen NULL mache,machen Anmerkung,eingehen auf die Aspekte,mich geäußert für,Bemerkung machen	99	Bemerkung machen,Bemerkung NULL,Anmerkung machen,Anmerkung NULL,Bemerkung anbringen,Bemerkung vorbringen,Bemerkung vorausschicken,zu Bemerkung kommen,Bemerkung dahinsagen,Bemerkung äußern,Erklärung abgeben,erklären,sich äußern,Äußerung erfolgen,Äußerung vorbringen,Äußerung NULL,Äußerung tätigen,Äußerung machen,sich zu Thema äußern,NULL feststellen,Ausführung machen,Ausführung NULL,Warnung voranstellen,Ding ansprechen,etwas sagen,Kritik üben,etw. zu Thema sagen,auf etwas eingehen,Aussagen tätigen,Aussagen treffen,Festsellung treffen,etwas anmerken,Worte NULL,auf etwas hinweisen,auf Anmerkung eingehen,Anschuldigung erheben,etwas erwähnen,Wort anrichten,sich mit etwas anlegen,Behauptung NULL,etwas darlegen,Kommentar verfassen,auf Aspekt eingehen	43	Literal,-,Literal,-,Figurative,Figurative,Figurative,Figurative,Literal,Literal,Figurative,-,-,Literal,Figurative,-,Literal,Literal,Literal,-,Literal,-,Figurative,Literal,-,Figurative,Literal,-,Literal,Figurative,Figurative,-,-,-,Figurative,Figurative,-,Figurative,-,-,-,Literal,Literal
manage job	1	manage job	1	manage job job manage	1	mit dem Job klappt	1	Mit Job klappt es	1	Figurative
manage project	2	managing project,managed project	2	were managing project,project being managed	2	NULL verwalteten Projekt,Projekt wird gemanagt	2	Projekt verwalten,Projekt managen	2	Literal,Literal
misinterpret word	1	misinterpreted words	1	words be misinterpreted misinterpreted	1	Worte werden falsch ausgelegt	1	Wort falsch auslegen	1	Figurative
organise conference	6	organised conference,organising conference,organise conference,organised conference,organised conference,organise conference	3	conference was organised,are organising conference,conference organise,organised conference,conference was organised,conference organise	4	Konferenz wurde organisiert,werden veranstalten Konferenz,Konferenz durchzuführen,veranstaltete Konferenz,Konferenz wurde abgehalten,konferenz vorzubereiten	6	Konferenz organisieren,Konferenz veranstalten,Konferenz durchführen,Konferenz abhalten,Konferenz vorbereiten	5	Literal,Literal,Literal,Literal,Literal
organise event	1	organising events	1	organising events	1	organisiert Veranstaltungen	1	Veranstaltung organisieren	1	Literal
organise production	2	organise production,organise production	1	organise production,organise production	1	organisieren Produktion,organisieren Produktion	1	Produktion organisieren	1	Literal
pay fee	2	pay fee,pay fee	1	pay fee,pay fee	1	zahlen Gebühr,bezahlen gebühr	2	Gebühr zahlen,Gebühr bezahlen	2	Literal,Literal
pay tax	5	pay tax,paying taxes,pay taxes,paid tax,pay taxes	4	pay pay tax,paying taxes,pay taxes,tax be paid,pay taxes	4	wird erhoben Straßenbenutzungsgebühr,zahlen steuern,NULL Steuern,steuer NULL NULL,zahlen Steuern	5	Gebühr erheben,Steuer zahlen,Steuer NULL	3	Figurative,Literal,-
pose challenge	3	poses challenges,pose challenges,pose challenge	3	poses poses challenges,pose pose challenges,pose pose challenge	3	stellt vor Herausforderungen,stellt vor Herausforderungen,stellt dar Herausforderung	2	Herausforderung vorstellen,Herausforderung stellen	2	Figurative,Figurative
pose problem	6	pose problems,poses problems,poses problems,poses problems,poses problems,posed problem	3	pose pose problems,poses poses poses problems,poses problems,poses problems,poses problems,problem posed	4	verbunden mit Problemen,bringt mit sich Probleme,verursacht Probleme,verursacht Probleme,bereitet Probleme,Problems entstanden	5	mit Problem verbinden,sich mit Problem bringen,Problem verursachen,Problem bereiten,Problem entstehen	5	Figurative,Figurative,Literal,Figurative,Literal
pose question	31	pose question,posed question,posing question,posed question,pose question,posed question,pose question,pose question,posed questions,pose question,poses questions,pose question,pose questions,posing questions,posed questions,poses question,posed questions,poses questions,pose questions,posed question,posing questions,pose questions,posed questions,pose questions,pose question,poses questions,posed question,pose question,pose question,pose questions,pose question	8	pose question,posed question,posing question,question posed,pose question,was question posed,pose question,question question,questions have posed,question pose,poses questions poses,pose question,questions pose pose,are posing questions,questions posed posed,poses poses question,questions questions,questions poses questions,pose questions,question posed,am posing questions,pose questions,questions questions have been posed,pose questions,pose question,poses questions,question has posed posed,does pose question,question pose,pose questions,pose question	21	stellen Frage,stellte Frage,stelle Frage,Fragen gestellten,aufwerfen Frage,wurde Frage gestellt,stellen Frage,stelle Frage,Fragen haben aufgeworfen,Kernfrage stellen,wirft Fragen auf,stellen Frage,Fragen wirft auf,NULL stellen Fragen,Fragen gestellt wurden,stellt sich Frage,aufgeworfenen Fragen,Fragen werden gestellt,aufwerfen Fragen,Frage NULL,NULL stelle Fragen,stellen Fragen,die Anfragen NULL NULL gestellten,stellen Fragen,stellen Frage,stellt Fragen,Frage wurde formuliert von,NULL stellt Frage,Frage lautet,aufwerfen Fragen,stellen Frage	24	Frage stellen,Frage aufwerfen,Anfrage stellen,Frage NULL,Frage formulieren,lauten Frage	6	Literal,Figurative,Figurative,-,Literal,Literal
practice profession	1	practice professions	1	practice professions	1	auszuüben Beruf	1	Beruf ausüben	1	Literal
practice religion	1	practice religion	1	practice religion religion	1	Ausübung einer Religion	1	Ausübung Religion	1	Literal
read article	1	read articles	1	articles be read	1	Artikel werden gelesen	1	Artikel lesen	1	Literal
read book	4	reading book,read book,read book,read books	3	reading reading book,book read read,had read book,books be read	4	habe gelesen Buch,Buchs gelesen habe,habe gelesen Buch,Bücher werden gelesen	3	Buch lesen	1	Literal
recall memory	2	recall memory,recall memory	1	recall recall memory memory,recall memory	2	erinnern uns seines Gedächtnisses,NULL gedenken	2	sich Gedächtnis erinnern,gedenken	2	Literal,-
reduce cost	9	reduce costs,reduce cost,reduce costs,reduce costs,reduce costs,reducing costs,reduce cost,reduced cost,reducing cost	5	costs reduce,reduce cost,reduce costs,reduce costs,reduce costs,reducing costs,reduce reduce reduce cost cost,has been reduced cost,reducing cost cost	7	Kosten gespart,reduzieren Kosten,senken Kosten,senken Kosten,reduzieren Kosten,senken Kosten,zur Senkung beitragen der Kosten,geworden sind preiswerter NULL,Rückgang der kosten	6	Kosten sparen,Kosten reduzieren,Kosten senken,Rückgang Kosten,Kosten zur Senkung beitragen,preiswerter werden	6	Literal,Literal,Literal,Literal,Literal,Literal
reduce price	11	reducing price,reducing price,reduce prices,reduced prices,reduced price,reduce prices,reduce prices,reduce price,reducing prices,reduced prices,reducing price	6	reducing price,will be reducing price,reduce prices,prices have been reduced,price be reduced,prices reduce,prices prices,reduce price price,prices prices are reducing,have reduced prices,be reducing price	11	sinken preise,werden werden reduzieren Preis,reduzieren Preise,Preise wurden wurden gesenkt,Preise werden gesenkt,preise senken,Preise drücken,Reduzierung landwirtschaftlicher Preise,die preise NULL sinken,haben gesenkt Gebühren,werden reduzieren Preis	11	Preis sinken,Preis reduzieren,Preis senken,Preis drücken,Reduzierung Preis,Gebühr senken	6	Literal,Literal,Literal,Figurative,Literal,Literal
reduce rate	1	reduce rate	1	reduce rate	1	senken rate	1	Rate senken	1	Literal
reject idea	1	rejects idea	1	rejects idea	1	zurückweist Gedanken	1	Gedanke zurückweisen	1	Figurative
ruin career	1	ruin career	1	career ruin	1	Laufbahn ruinieren	1	Laufbahn ruinieren	1	Figurative
saturate market	1	saturated market	1	market is saturated	1	markt ist gesättigt	1	Markt sättigen	1	Figurative
sell drug	1	sell drug	1	drug sell	1	Drogen verkaufen	1	Droge verkaufen	1	Literal
stimulate debate	11	stimulated debate,stimulate debate,stimulating debate,stimulating debate,stimulate debate,stimulate debate,stimulate debate,stimulate debate,stimulating debate,stimulate debate,stimulate debate	3	stimulated stimulated debate,debate stimulate stimulate stimulate,debate stimulating,is stimulating stimulating debate debate stimulating,stimulate debate,stimulate debate,stimulate debate,stimulate stimulate stimulate debate,stimulating debate,stimulate debate,stimulate debate	7	haben entfacht Diskussion,Debatte in Gang setzen,Debatte anzustoßen,hat Anstoß für die Diskussion gegeben,anzuregen Debatten,anzuregen Debatte,anregen Debatte,in Gang kommt Debatte,anzuregen Diskussion,auslösen Debatte,anzuregen Diskussion	10	Diskussion entfachen,Debatte in Gang setzen,Debatte anstoßen,für die Diskussion Anstoß geben,Debatte anregen,Debatte in Gang kommen,Diskussion anregen,Debatte auslösen	8	Figurative,Figurative,Figurative,Figurative,Literal,Figurative,Literal,Literal
stimulate economy	2	stimulate economy,stimulate economy	1	economy stimulate will,stimulate economy economy	2	Wirtschaft angekurbelt werden,Ankurbelung der Wirtschaft	2	Wirtschaft ankurbeln,Ankurbelung Wirtschaft	2	Figurative,Figurative
stimulate growth	2	stimulate growth,stimulates growth	2	stimulate growth growth,stimulates growth	2	anzukurbeln das wachstum,stimuliert Wachstum	2	Wachstum ankurbeln,Wachstum stimulieren	2	Figurative,Literal
suggest idea	5	suggested idea,suggested idea,suggesting ideas,suggested ideas,suggest idea	4	suggested suggested idea,have suggested idea,ideas suggesting,ideas suggested suggested,suggest suggest idea	5	wird vorgetragen Gedanke,haben vorgeschlagen NULL,Ideen NULL,Ideen vorgetragen haben,schlage vor Idee	5	Gedanke vortragen,NULL vorschlagen,Idee NULL,Idee vortragen,Idee vorschlagen	5	Literal,-,-,Literal,Literal
understand issue	2	understand issues,understand issues	1	understand issues,understand do understand issues	2	kennen Probleme,Verständnis haben für Probleme	2	Problem kennen,für Problem Verständnis haben	2	Literal,Literal
understand meaning	3	understand meaning,understood meaning,understand meaning	2	understand meaning meaning meaning,understood meaning meaning meaning meaning,do understand meaning	3	verstehen worum es geht,wussten was mit gemeint ist,NULL verstehen Bedeutung	3	Worum es geht verstehen,Bedeutung verstehen,was mit etw. gemeint ist wissen	3	Figurative,Literal,Literal
understand point	3	understands point,understand points,understood point	3	point understands understands,understand points,point ist understood	3	was hat verstanden,verstehe Argumente,Argumente NULL verstanden	3	Argument verstehen,etwas verstehen	2	Literal,-
understand problem	6	understood problems,understand problems,understand problems,understand problem,understood problems,understanding problem	4	are understood understood problems,understand understand understand problems,understand understand understand problems,understand problem problem,had understood problems,understanding problem problem	5	sind vertraut mit Problemen,Verständnis haben für Probleme,Verständnis haben für Probleme,verstehe das Problem,hätte erkannt Probleme,Verständnis des Problems	5	mit Problem vertraut sein,für Problem Verständnis haben,Problem verstehen,Problem erkennen,Verständnis Problem	5	Literal,Literal,Literal,Literal,Literal
understand question	2	understand question,understood question	2	understand question,understood understood understood understood question question	2	verstehe Frage,herrscht mehr Klarheit bezüglich der Notwendigkeit	2	Frage verstehen,Klarheit bezüglich Notwendgkeit herrschen	2	Literal,Figurative
understand reason	3	understand reasons,understood reasons,understand reasons	2	understand reasons,understood understood reasons,understand reasons reasons	3	kenne Gründe,seien verständlich Gründe,verstehen Beweggründe dafür	3	Grund kennen,Beweggrunde verstehen,Grund verständlich sein	3	Literal,Literal,Literal
understand situation	1	understand situation	1	understand understand situation	1	bemühen uns um Einblick in Situation	1	sich um Einblick in Situation bemühen	1	Figurative
