Phrases	Anno	Sentences
mettre terme à accord	Figurative	Nous devons donc mettre un terme à l' accord de 1959 conclu entre l' Agence internationale de l' énergie atomique et l' Organisation mondiale de la santé , comme il est prévu à l' article 12 de cet accord .
recherche de voie	Figurative	Je sais que le Parlement européen partage la volonté de la Commission européenne d' apporter son soutien total aux travaux de la présidence allemande dans sa recherche de la voie juste .
réduire coût	Literal	Des dispositions obligent les établissements financiers de l' Union à réduire substantiellement le coût des transferts d' argent d' un pays à l' autre de la zone euro .
suivre activité	Literal	Cette tendance devrait se poursuivre , et je sais que la Commission continuera à suivre attentivement les activités du Médiateur et à accueillir favorablement ses propositions .
se souvenir de mémoire	Figurative	Nous en avons conscience , et nous nous souvenons aussi qu' il a parfois la mémoire courte et sélective quand il s' agit du nazisme .
trouver solution à problème	Literal	Nous allons devoir trouver une solution à ce problème beaucoup plus rapidement et , en particulier , nous allons devoir résoudre la question très délicate de l' incinération qui , dans la plupart des pays je pense , suscite pas mal de controverses au niveau local lorsqu'on la soulève .
placer argent	Literal	C' est pourquoi j' adhère de tout cur à l' établissement de partenariats public-privé afin de faire en sorte que l' argent et les revenus supplémentaires générés grâce au marché unique au sein de l' Union européenne soient réinvestis dans l' Union au lieu de permettre à l' argent placé dans des fonds de retraite , etc. , d' être investi dans des pays hors UE , faisant que l' Union dans son ensemble ne retire rien de cet argent .
recherche de réponse	Literal	Je peux dire également que les Présidences française et tchèque ont déployé des efforts qui se sont révélés déterminants dans la recherche d' une réponse aux préoccupations du peuple irlandais .
comprendre signification	Literal	Pourquoi isoler le fondamentalisme religieux et le montrer du doigt alors que , de toute façon , nous ne comprenons pas vraiment la signification et la philosophie qui se cache derrière l' islam ?
revenir sur question	Literal	Par conséquent , mon groupe estime qu' il est vital que le Conseil européen revienne sur la question du vote à la majorité qualifiée au Conseil , la composition de la Commission et la pondération des votes .
réduire taux	Literal	Je voudrais expliquer à Mme Izquierdo qu' il vaut beaucoup mieux réduire le taux de croissance de l' agriculture afin de protéger l' argent qui est actuellement destinée aux populations les plus pauvres de ce monde , parce que l' alternative serait de resserrer davantage les lignes budgétaires de la catégorie 4 .
plonger économie	Figurative	Plus encore , il a plongé dans les tréfonds du désespoir l' une des économies les plus fortes d' Afrique .
saisir concept	Literal	Toujours incapables de saisir le concept du marché unique , ces autorités nationales devraient être soumises au test du tableau du marché unique du commissaire Monti .
dire mot	Literal	Je suis honorée de l' occasion qui m' est offerte de dire quelques mots .
se retrouver dans	Literal	Et c' est précisément pour cela que je pense que ce Parlement devrait profiter de l' occasion pour exprimer à la Cour des comptes sa grande inquiétude face au fait qu' un document aussi important que celui préparé par la Cour puisse se retrouver , reproduit de façon correcte ou incorrecte , dans les colonnes du Der Spiegel du 8 novembre .
aborder sujet	Literal	Ce solide partenariat stratégique devrait nous permettre , et nous permet sans aucun doute , d' aborder tous les sujets , même les plus sensibles .
recherche de moyens	Literal	Le problème principal à présent ce ne sont pas la nourriture et les médicaments mais surtout l' abri et la recherche de moyens pour ces gens de gagner leur vie pendant les mois à venir .
relever question	Literal	La question de savoir si cette participation doit impliquer le public au sens large ou seulement le ' public concerné ' constitue un point important , et il a été relevé par certains des députés qui m' ont précédé .
réponse à apporter à préoccupation	Literal	Je suis certain que mes collègues , Mme Malmström et Mme Reding , prêteront attention aux réponses à apporter à toutes les préoccupations formulées au cours de ce débat et dans le cadre du dialogue structuré qu' elles ont entretenu avec les commissions chargées de leurs domaines de compétences respectifs .
lutte contre crise	Literal	Enfin , nous devons rester concentrés sur la lutte contre la crise économique .,Les ressources d' énergie renouvelable dont ces pays disposent sont essentielles pour leur développement économique et social et leur permettent de progresser vers un statut d' indépendance énergétique , contribuant ainsi à la lutte contre la crise mondiale .
exprimer remarque	Literal	En tant que représentant des chrétiens-démocrates suédois , qui considèrent l' élargissement de l' UE vers l' est comme l' une des questions dont l' importance est la plus évidente , je voudrais exprimer les remarques suivantes , en vue du travail que nos gouvernements et chefs d' États sont appelés à effectuer , au sein de la conférence dite intergouvernementale , sur les compétences et les processus de décision de l' Union européenne .
classer affaire	Literal	L' affaire n' est pas classée .
s' en prendre à problème	Figurative	En s' en prenant à ce groupe plutôt qu' aux problèmes , les dirigeants des groupes ont manqué une belle occasion .
exercer profession	Literal	Chaque État membre utilise ses propres trucs et astuces pour veiller à empêcher les gens d' exercer une profession dans un autre pays .
annuler projet	Literal	Mieux encore , qu' elle annule tout le projet et verse tous les fonds sur un compte spécial qui permettra de couvrir les énormes frais qu' occasionnera le démantèlement de l' euro .
traiter affaire	Literal	L' affaire ne doit pas être étouffée ; elle doit être traitée directement par ce Parlement et l' Union européenne .
trouver manière d' avancer	Literal	Nous devrons finir par le faire , par corriger l' équilibre institutionnel et par trouver une manière d' avancer .
déroger à engagement	Literal	Il n' est pas question de déroger à ces engagements .
aborder problématique	Literal	C' est la raison pour laquelle le deuxième amendement aborde toute la problématique des bouchons mal replacés et parfois , de l' absence pure et simple de bouchon .
réduire frais	Literal	Enfin , notre proposition permettra de réduire considérablement les frais de brevetage en Europe , car elle évite des frais de traduction supplémentaires en limitant le nombre de langues aux trois langues de l' Office européen des brevets .
considérer question	Literal	M. Graefe zu Baringdorf m' a demandé de considérer la question de l' interdiction totale des graisses de ruminants dans l' alimentation animale .
s’occuper de problème	Literal	Il y a un problème général de sécurité , dont je sais que le Haut Représentant s' occupe comme il le faut .
trouver voie	Literal	"Un exemple concret de la coopération entre les services de la Commission est le "" Guide pratique des possibilités de financement de l' UE de la recherche et de l' innovation "" publié en 2007 , qui a été conçu pour aider les bénéficiaires potentiels à trouver leur voie parmi les trois instruments de financement communautaire et donne aux responsables politiques des conseils sur l' accès coordonné à ces instruments .,Ce travail est essentiel pour la création d' un futur État de Palestine et pour trouver une voie vers la solution des deux États ."
investir fond	Literal	Dans l' Union européenne , environ 55 % de fonds privés sont investis , par rapport à 45 % de fonds publics .
trouver issue	Literal	Nous devons y participer autant que nous le pouvons et en utilisant tous les contacts que nous avons pour trouver une issue , de sorte à pouvoir poursuivre correctement la distribution de l' aide à la suite du tsunami et envisager un avenir pacifique pour tous .
se pencher sur sujet	Literal	Le timing de l' adoption prévue de ce rapport est très bien choisi car la Commission prépare actuellement la communication à venir sur les programmes spécifiques de mise en uvre du sixième programme-cadre de recherche et de développement technologique , qui se penchera sur les sujets abordés dans le rapport de M. Harbour .
donner du tonus à économie	Figurative	Nous devons protéger ces industries qui créent des emplois et donnent du tonus à notre économie - non seulement dans le domaine local mais aussi européen .
jeter doute	Figurative	Après cette audition , le Sunday Times a publié un article ce week-end qui jettent davantage de doutes sur la véracité des réponses de M. Busquin au Parlement .
endiguer crise	Literal	Ces propositions émanant de représentants du secteur de la pêche sont à l' ordre du jour depuis longtemps et visent à endiguer la crise économique et sociale actuelle , qui est exacerbée par la hausse des prix des carburants .
investir revenu	Literal	C' est pourquoi j' adhère de tout cur à l' établissement de partenariats public-privé afin de faire en sorte que l' argent et les revenus supplémentaires générés grâce au marché unique au sein de l' Union européenne soient réinvestis dans l' Union au lieu de permettre à l' argent placé dans des fonds de retraite , etc. , d' être investi dans des pays hors UE , faisant que l' Union dans son ensemble ne retire rien de cet argent .
stimulation de activité	Literal	Le second est l' encouragement et la stimulation de l' activité économique et de la vie sociale dans ces centres historiques , dans ces morceaux de vieille ville .
trouver mode	Literal	Vu la réforme des mécanismes financiers de l' UE et la limitation des fonds structurels et de cohésion à certains pays en vertu du train de réformes visées dans l' Agenda 2000 , il est essentiel de trouver de nouveaux modes de financement pour ces projets absolument indispensables .
rencontre de enjeu	Figurative	Je suis convaincue que si nous élaborons cette nouvelle stratégie globale et approfondie en poursuivant les orientations politiques , diplomatiques et opérationnelles de notre engagement au Sahel , nous conférerons un nouvel élan à la lutte contre les différentes menaces et à la rencontre des enjeux présents dans la région .
s'occuper de sujet	Literal	Quant à la question de Mme Lynne sur les paiements provisoires , c' est un sujet dont peut très bien s' occuper le Parlement , étant donné qu' il est lié au budget .
recherche de solution	Literal	N' importe quelle personne à qui vous parlerez du côté palestinien vous dira que ce sont les femmes et les enfants qui ont toujours le plus souffert , mais que ce sont également eux qui ont été les plus persévérants dans la recherche d' une solution à l' absence de négociations , au non-respect des engagements , à l' incapacité de mettre fin au conflit , en d' autres mots au non-respect , tant par Israël que par la Palestine , de leurs engagements , des accords qu' ils ont signé volontairement , au non-respect par les États-Unis et l' Union européenne de leurs engagements en faveur de négociations claires et ouvertes , à l' absence de volonté de la part des autres États bordant Israël et la Palestine à jouer un rôle plus proactif et plus positif en vue de la mise en œuvre , à terme , d' une solution à deux États viable et équitable .
inonder marché	Figurative	En outre , en ce qui concerne la viande ovine , question vitale pour les agriculteurs européens , particulièrement les Irlandais , des accords mal négociés avec la Nouvelle-Zélande font qu' il n' existe aucun contrôle pour empêcher une politique néo-zélandaise délibérée d' inonder le marché européen aux périodes de production maximale .
investir capital	Literal	Ceci est tout particulièrement important pour les entreprises investissant des capitaux de fonds de pension .
soulever question	Figurative	La question que nous soulevons est celle de savoir quel doit être le profil politique de nos relations dix ans après la signature du nouvel agenda transatlantique de 1995 et quinze ans après la déclaration transatlantique de 1990 .
trouver moyen	Literal	J' espère que nous serons bientôt en mesure d' en tirer les conclusions et que nous trouverons le moyen le plus approprié d' empêcher que pareil incident ne se reproduise à l' avenir .
corrompre esprit	Figurative	Grâce au progrès technologique , ces idées sur les droits de l' enfant doivent à présent être liées à la cyber-sécurité , car nous avons vu qu' internet - malgré sa merveilleuse vocation , sa brillante innovation et les opportunités qu' il nous offre à tous - pouvait être utilisé par des personnes voulant corrompre les esprits innocents et détourner l' utilisation de l' internet par le trafic de pédophilie et la pornographie infantile .
présenter solution à problème	Literal	Le Livre vert sur le recours collectif des consommateurs présente différentes solutions à ce problème .
élaborer stratégie	Literal	Nous avons besoin des États membres , nous avons besoin des institutions européennes , nous avons besoin de l' ensemble des partenaires et de la société , nous avons besoin en particulier de l' engagement et du soutien actifs de ce Parlement , du Parlement européen , pour élaborer cette stratégie et pour la communiquer aux citoyens .
évoluer facilement	Literal	J' aimerais donner au commissaire un exemple hypothétique : prenons un fonctionnaire aveugle , âgé de 62 ans ( autrement dit à trois ans seulement de la retraite ) , travaillant dans un bureau extérieur où il est à l' aise et évolue facilement , et où son travail ne suscite aucune plainte ; trouverait -il raisonnable que l' on envisage le transfert obligatoire de cet individu à Bruxelles à ce stade de sa carrière ?
clôturer projet	Figurative	Ce que j' ai entendu au sujet du représentant au Nicaragua indique que le projet n' a pas été correctement clôturé .
fournir document	Literal	"Normalement , je ne prête pas grande attention aux documents fournis par les groupes de pression au sein de ce Parlement , en particulier si ceux-ci émanent de l' industrie , mais j' ai été stupéfaite à la lecture du document "" Cosmétiques - votre choix , notre responsabilité "" rédigé par l' Association européenne des cosmétiques , produits de toilette , et parfums ."
ébranler confiance	Literal	Cela encouragerait les forces extrémistes et ébranlerait la confiance du monde des affaires , et on n' arriverait à rien de plus qu' avec d' autres moyens .
créer incertitude	Literal	C' est particulièrement le cas dans ma région , les West Midlands , où ce retard crée beaucoup d' incertitude au niveau des communautés et des contribuables locaux , qui doivent soutenir financièrement des projets pour des sommes de plusieurs millions de livres , en attendant la solution aux problèmes que j' ai soulignés .
baisser prix	Literal	Ajoutez à cela que nos émissions de CO 2 définies à Kyoto ont dépassé de 22 % le niveau de 1990 - d' ores et déjà 10 % au-dessus de l' objectif fixé pour 2010 - et le fait qu' une suppression ou une diminution de la taxe d' immatriculation ne réduira que peu , voire pas du tout , le prix des voitures , parce que les constructeurs automobiles ont dû baisser leurs prix pour compenser notre régime de taxation élevé - et qu' ils inverseront leurs prix si les charges fiscales sont allégées - , et vous obtenez une situation très compliquée .
briser cercle	Figurative	Nous pouvons briser ce cercle vicieux en reconnaissant la légitimité du travail non rémunéré , en encourageant les femmes à travailler et à affirmer leur indépendance sur le plan économique , en nous attaquant aux causes structurelles de la ségrégation sur le marché du travail et en tenant compte de la situation des femmes dans le cadre de la réforme des régimes de retraite .
relever défi	Figurative	J' ai bon espoir que la nouvelle politique de la dimension septentrionale , dont la gestion sera à l' avenir partagée entre l' Union européenne , la Russie , la Norvège et l' Islande , bénéficie de manière substantielle à la région de la mer Baltique , car aucun des défis auxquelles celle-ci se voit confrontée ne peut être relevé sans une véritable participation de la Russie , tout comme aucun des défis auxquels doit faire face la mer de Barents ne peut être traité sans la Russie et la Norvège .
résolution de question	Literal	Dans le cadre de sa proposition de législation , la Commission inclura dès lors un programme de durabilité des biocarburants , pour veiller à ce que le secteur des biocarburants joue son rôle dans la résolution de cette question .
finaliser accord	Literal	Je suis persuadé qu' avec l' aide du Parlement européen , nous serons en mesure de finaliser un bon accord pour les deux parties .
endommager confiance	Literal	Il convient de se rappeler que l' information publique est importante si nous voulons obtenir la confiance du public , et le pavillon bleu a suscité cette confiance : nous devrions prendre garde à ne pas l' endommager .
accroitre économie	Literal	Pour simplifier , davantage d' échanges commerciaux accroissent significativement l' économie d' une nation , par l' augmentation de son PIB .
appréhender problème	Literal	La création d' une agence spécifique pour toutes les questions d' immigration légale et illégale serait très utile pour appréhender ces problèmes de manière complète et intégrée .
terminer par remarque	Literal	Je terminerai par deux remarques .
apparaître idée	Literal	Ils me sont chers à moi aussi et je peux donc comprendre pourquoi d' autres idées sont apparues afin de donner forme à ces principes via d' autres mécanismes possibles .
affronter défi	Literal	Nous entendons affronter les défis de façon ambitieuse et globale .
organiser conférence	Literal	Premièrement , concernant la sécurité sociale et le marché du travail , le rapport demande à la Commission d' organiser avant la fin de cette année une conférence internationale réunissant les États membres et les pays candidats et consacrée à la question des travailleurs frontaliers .
lutter contre crise	Literal	Enfin , nous devons rester concentrés sur la lutte contre la crise économique .
arrive à entrer dans	Literal	Dès lors , on en arrive à la situation d' un vaisseau transportant un chargement dangereux qui arrive à entrer dans un port en manipulant ces contradictions .
poser problème	Figurative	L' absence , dans certains pays ACP , de mécanismes permettant d' entamer des négociations avec la société civile pose un véritable problème .
vaincre problème	Figurative	Nous avions besoin d' une législation spécifique pour vaincre ce problème , à l' instar de ce que les États-Unis et certaines régions d' Espagne ont mis en place et qui fonctionne efficacement .
aborder axe	Figurative	Ses trois axes principaux ont été abordés de façon appropriée dans la position commune , qui reprend également de nombreuses suggestions faites par le Parlement en première lecture .
évoquer question	Figurative	J' ai évoqué la question du chevauchement d' ordre technique entre deux agences - l' ETF et le Cedefop - dans mon allocution introductive , mais je voudrais une fois encore souligner que la contribution de ces agences peut s' avérer cruciale , particulièrement dans le cadre de l' augmentation du taux d' emploi des objectifs de la stratégie ' Europe 2020 ' .
respecter priorité	Literal	Le fait que la présidence irlandaise ait accordé la priorité à la question de la drogue , et que tous les députés qui se sont exprimés dans l' hémicycle ce matin , c' est-à-dire la quasi totalité d' entre eux , considèrent le problème de la drogue comme une priorité devant être respectée par cette présidence donne carte blanche à la présidence irlandaise pour aller de l' avant et s' attaquer à ce problème comme elle jugera bon de le faire .
trouver excuse	Literal	Pouvons -nous réellement rétablir la confiance et susciter l' enthousiasme parmi les électeurs si nous continuons de mener nos politiques d' une élection nationale à l' autre , en trouvant dans celles-ci une bonne excuse pour ne pas appliquer les politiques communes ?
pallier à problème	Figurative	Je me réjouis profondément de cette mesure intelligente visant à pallier l' un des problèmes essentiels entravant l' explosion potentielle du commerce électronique à travers l' Europe , à savoir la difficulté de vérification de l' identité des utilisateurs et consommateurs .
répondre à question	Literal	Les instituts de recherche et les scientifiques attendent une action rapide et coordonnée de la Commission et du Conseil pour répondre à cette question , de sorte à leur fournir des chances égales de participer aux programmes-cadres .
prise en considération de besoin	Literal	Pour ce qui est de Tchernobyl , un soutien important fourni par l' UE a trait à la transformation du sarcophage en un système acceptable sur le plan environnemental , ainsi qu' à la prise en considération des besoins sociaux .
abandonner proposition	Literal	Je pense que cette proposition ne doit pas être abandonnée , mais il est évident qu' aucun consensus ne pourra être dégagé dans l' état actuel des choses .
encourager économie	Figurative	Collaborons plutôt afin d' obtenir un résultat qui encourage l' économie mondiale , crée une confiance politique et aide les démunis de ce monde .
tenir propos	Literal	Je sais que notre commissaire partage elle aussi cet avis sur l' héritage de M. Monti , car elle a tout récemment prononcé un discours à l' université de Bocconi et a tenu des propos très semblables au sujet de la contribution de M. Monti .
rechercher solution	Literal	Ce processus a vu le jour à Laeken il y a de nombreuses années et a impliqué différents organes démocratiques et des discussions au fil des ans afin de rechercher une solution commune qui permettrait de prendre des décisions de manière à la fois efficace , plus moderne et plus démocratique .
injecter argent	Figurative	Je veux que le commissaire garantisse que quelles que soient les mesures mises en ? uvre , celles-ci seront harmonisées au sein de l' Union européenne et financées de manière harmonisée , de sorte qu' aucun État membre ne puisse injecter davantage d' argent qu' un autre afin de soutenir son secteur en particulier .
remarque avoir trait à	Figurative	J' ai été extrêmement ravie de certaines des remarques du commissaire Verheugen ce matin , qui avaient davantage trait à la politique industrielle .
écorner confiance	Figurative	Je crains que cette confiance ne soit écornée si de la viande potentiellement contaminée venait à entrer dans la chaîne alimentaire .
comprendre raison	Figurative	J' ai dit au contraire que nous comprenions tout à fait ces raisons et que Mme Garaud avait toute notre sympathie .
amélioration de économie	Literal	Fournir une aide humanitaire c' est uniquement une approche à court terme - notre objectif doit être l' amélioration de l' économie .
régler question	Figurative	Nous devrons veiller à que la directive européenne qui règlera cette question ne contienne pas d' échappatoire et à ce qu' elle soit appliquée correctement dans tous les États membres .
s'attaquer à situation	Figurative	En conclusion , nous devons trouver le moyen de combiner les mesures et de nous attaquer à la situation .
toucher à question	Figurative	En fait , cette directive , comme tant d' autres directives touchant aux questions environnementales , n' est pas bonne .
préciser point	Figurative	Permettez -moi , Monsieur le Président , de préciser un autre petit point qui a toutefois son importance dans le contexte d' une proposition de résolution .
aborder inquiétude	Figurative	Néanmoins , je veux insister sur l' inquiétude et l' angoisse qu' engendre cette initiative de la Commission en particulier et , en fait , le rapport de M. Costa , bien que je pense personnellement que la plupart de ces inquiétudes ont été pleinement abordées en commission où , je le sais , il y a un soutien général du travail de M. Costa .
lancer idée	Figurative	Le premier concerne la création d' un Fonds monétaire européen , qui est absolument indispensable et qui était une idée également lancée par M. Schäuble , le ministre allemand des finances .
insuffler vie	Figurative	Ce serait plus facile pour nous si nous disposions de quelque indication sérieuse de la véritable intention d' Israël d' insuffler une nouvelle vie dans le processus de paix .
s'attacher à question	Figurative	Tout d' abord , je voudrais m' attacher à la question de l' amélioration de la législation pénale existante des États membres en ce qui concerne la criminalisation des trafiquants d' êtres humains à des fins d' exploitation sexuelle .
fausser jugement	Literal	Nous devrions considérer cette Commission comme un collège et , alors que les commissaires individuels doivent être tenus pour responsables , nous devons toutefois apprécier objectivement la situation et veiller à ce que des politiques de partis européens ou des politiques internationales ne faussent notre jugement .
examiner les moyens de sortir	Figurative	Si je réunissais autour d' une même table les représentants de l' industrie , concessionnaires et constructeurs , accepteriez -vous de vous joindre à eux pour examiner les moyens de sortir de cette situation en ayant , si besoin est , recours aux instruments de la concurrence ?
cumul de vie	Figurative	Nous pouvons légiférer contre la discrimination sur le lieu de travail , mais pas contre les pressions liées au cumul d' une vie professionnelle , d' une vie de famille et d' un foyer à gérer .
axer sur question	Figurative	Je pense que le financement de la science et de la recherche doit être prioritairement axé sur l' excellence .
porter un dialogue sur aspect	Literal	Bon nombre des parties directement concernées , ou de ceux qui ont toutes les données en main , reconnaissent la nécessité réelle d' un dialogue qui porte en même temps sur tous les aspects politiques et économiques , de façon à ce que chaque avancée fasse évoluer un ensemble envers lequel toutes les parties restent engagées .
digérer contenu	Figurative	Néanmoins , il se peut que vous n' ayez pas eu le temps d' en digérer le contenu , c' est pourquoi je résumerai brièvement les principaux points .
évoquer idée	Figurative	Nous évoquons également dans cette question l' idée d' instaurer un fonds de réserve destiné aux indemnisations , mais il ne faut pas considérer ceci comme une demande de notre part ou de celle de la Commission .
résolution de problème	Literal	Par ailleurs , il y a une opposition généralisée à cette idée , à juste titre , soulignant que sa nécessité nous détourne dangereusement de la résolution des problèmes qui sont réellement en jeu. .
améliorer service	Literal	Les dirigeants de l' UE y ont souligné la nécessité d' améliorer nos services de télécommunications dans leurs ensemble .
lecture de livre	Literal	Je ne veux pas m' attarder sur les livres , mais je viens de terminer la lecture du livre de Davis Landis Barnill sur ce qui rend certains pays prospères et d' autres moins prospères , et il est intéressant de noter l' importance qu' il attache aux questions ayant trait au genre dans la prospérité économique et la stabilité politique des sociétés depuis des millénaires .
s' agir idée	Figurative	Il ne s' agit que d' une simple idée .
saturer marché	Figurative	Le problème est le suivant : si vous commercialisez une importante quantité supplémentaire de viande de volaille sur les marchés internationaux - déjà saturés - et faites preuve de désinvolture dans l' utilisation des fonds publics servant à la subventionner , cette viande est susceptible de revenir sur le marché européen .
amener réflexion	Figurative	Monsieur le Président , Monsieur le Commissaire , chers collègues , j' aimerais amener deux réflexions au rapport de M. Inglewood .
payer redevance	Literal	Jadis , les personnes embarquaient au péril de leur vie à bord de navires mal équipés ; aujourd ' hui , les pêcheurs ont la capacité technique de repérer les bancs de poissons et de les exploiter , et ils devraient payer une redevance pour cela .
comprendre question	Literal	Je comprends tout à fait cette question .
envisager solution	Literal	Je voudrais donc demander à Madame le Commissaire si elle pourrait nous rencontrer , Mme Morgan et moimême , pour tenter d' envisager des solutions pratiques .
aborder question	Literal	La réunion prévue à Gaza demain entre le président Abbas et le Premier ministre Olmert a malheureusement été annulée , mais , au moins , les dirigeants du G 8 aborderont demain la question du conflit israélo-palestinien , comme nous l' avons fait à l' occasion de la réunion des ministres des affaires étrangères du G 8 .
problème faire l’objet d’attention	Literal	Si certains problèmes doivent faire l' objet d' une attention particulière , par exemple en cas d' inquiétudes concernant les personnes pauvres , vulnérables et défavorisées , nous devons mettre en œuvre des mesures sociales alternatives pour assister les intéressés et ne pas céder à la tentation d' une solution à court terme telle qu' une réduction de la fiscalité .
s' attaquer à défi	Figurative	J' espère que je n' aurai plus d' autres adieux à faire concernant la Turquie dans cette enceinte , et que nous pourrons aller de l' avant pour nous attaquer aux grands défis économiques et autres de l' Union européenne .
émettre idée	Figurative	L' idée d' un sommet spécial consacré au Liban dans le cadre de la Ligue arabe a été émise récemment .
s’occuper de question	Literal	Bien que je ne partage pas ses conclusions , je crois qu' il a illustré , dans son rapport , un grand nombre de questions dont la Commission doit s' occuper .
obtenir résultat	Literal	Tout cela doit être mis en place afin de garantir que nous obtenions les meilleurs résultats possibles pour le travail qui a été fourni et pour les dépenses qui ont été consenties .
aborder thème	Literal	Au lieu de s' ingérer de la sorte , nous devrions aborder les thèmes pour lesquels il est constructif pour les États membres de travailler ensemble en vue de développer des normes communes .
pousser vers la sortie	Literal	Prions , pleins d' espoir - pour le bien des Américains autant que pour celui du reste du monde - , pour que , très prochainement , M. Bush et ses associés bellicistes soient eux aussi poussé vers la sortie .
promotion de débat	Literal	Le Parlement européen et les acteurs de la société civile jouent traditionnellement un rôle crucial en termes de soutien apporté aux efforts abolitionnistes et de promotion du débat sur les moyens d' améliorer notre politique consentis par l' Union européenne .
développer maladie	Figurative	Il existe un lien évident entre l' exercice physique et la santé , au vu des maladies que l' on risque de développer si on ne bouge pas comme il se doit .
détention de drogue	Literal	Là où le texte de M. Pirker expose les peines en vigueur pour le trafic , la détention et la consommation de drogues de synthèse , les verts cherchent à éliminer la référence à la consommation .
stimuler croissance	Figurative	Monsieur le Président , Monsieur le Commissaire , le commerce électronique offre à l' Union européenne une occasion unique de stimuler sa croissance économique , d' accroître la compétitivité de son industrie et de créer de nouveaux emplois .
s' attaquer à problème	Figurative	Ce paquet représente une opportunité pour l' Europe pour se montrer sous son meilleur angle : s' attaquer à un problème d' importance fondamentale à long terme ; utiliser au mieux la dimension continentale de l' Union européenne ; transformer le consensus politique en mesures concrètes .
situation nécessite intervention	Literal	Cette situation nécessite une intervention , car les impôts prélevés sur les paysans ont considérablement augmenté ces derniers temps , à cause de cette modernisation .
s' attaquer à tâche	Figurative	Il s' agit là de tâches considérables auxquelles l' UE essaie de s' attaquer dans le plan d' action proposé .
faire face à défi	Literal	Le mouvement sportif cherche l' assistance des institutions européennes pour faire face aux défis posés par les agents .
conclusion de accord	Literal	Je sais qu' il a fait un compte rendu aux députés juste après que l' accord a été paraphé : il a téléphoné au député pour l' informer de la conclusion de l' accord .
trouver manière	Literal	Je suis sûr que les chefs d' État ou de gouvernement , ainsi que les députés ici présents , la considéreront dans l' esprit dans lequel elle est conçue : oui , il s' agit de quelque chose de différent , mais quelque chose qui peut donner l' exemple d' une Europe prenant une direction nouvelle et trouvant de nouvelles manières de collaborer .
s' attaquer à question	Literal	Il en va aussi de notre créativité , de notre cohérence , il s' agit de prendre au sérieux les intérêts de nos partenaires et de nous montrer ambitieux s' agissant d' ouvrir notre marché commercial et de nous attaquer à la question de la mobilité .
clôturer affaire	Figurative	Lorsqu'une solution à l' amiable n' est pas possible , je clôture l' affaire avec une remarque critique ou propose un projet de recommandation .
constituer remise en question	Literal	Plus fondamentalement , le cadre de négociation de titres a subi des bouleversements radicaux qui constituent de nouvelles remises en question pour la législation de l' UE .
divulguer rapport	Literal	Je voudrais également profiter de cette occasion pour réfuter les accusations non fondées exprimées par l' ambassadeur du Pakistan à Washington selon lesquelles la MOE de l' UE aurait divulgué un rapport intermédiaire d' information .
développement de économie	Literal	Au lieu de cela , nous pourrions aider au développement de l' économie de nos voisins européens et des pays du tiers-monde en leur ouvrant des possibilités de libre-échange .
être source de confusion	Literal	Rejeter Nice serait source de retard et de confusion .
améliorer activité	Literal	Cela signifie que nous ne disposons pas seulement de la perspective de ce sommet du Caire , mais aussi d' une base bien établie pour continuer , élargir et améliorer nos activités quotidiennes .
établir connexion	Figurative	Nous devons gagner la confiance des contribuables européens et pour ce faire , nous ne pouvons qu' augmenter la responsabilité en simplifiant - et non en compliquant - le travail du Parlement , en diminuant le jargon , en améliorant le processus d' approbation des législations , en améliorant la machine législative et en établissant une connexion claire entre ce que nous faisons ici et de quelle manière l' individu en tire profit .
entamer confiance	Figurative	J' espère de tout cœur que l' Iran se réengagera dans ces processus et saisira l' occasion de clarifier sa position , de dissiper les malentendus et de commencer à rétablir une confiance générale , qui a été gravement entamée par les récentes déclarations .
comprendre problème	Literal	Je ne comprends pas le problème .
mettre fin à enquête	Literal	C' est à l' Égypte de nous montrer ici dans cette Assemblée qu' elle prend les droits de ses minorités sérieusement , de demander la fin des discriminations contre ces minorités , de libérer les homosexuels et de mettre fin aux enquêtes dont ils font l' objet sur tout le territoire égyptien et qui préoccupent cette Assemblée .
lire article	Literal	Ces deux articles , quelque soit leur combinaison , doivent être lus l' un avec l' autre .
consacrer argent	Figurative	Plutôt que d' investir des milliards d' euros dans de nouvelles centrales nucléaires , nous devrions consacrer cet argent au développement des sources d' énergie renouvelable .
gestion de problème	Literal	L' Association des compagnies aériennes européennes a été jusqu'à suggérer que certains gouvernements , en particulier le gouvernement britannique , faisaient preuve d' une certaine complaisance dans la gestion des problèmes de congestion du trafic aérien .
émettre remarque	Literal	J' aimerais à présent émettre deux remarques à l' égard de M. García-Margallo y Marfil et de Mme Kauppi .
résoudre crise	Literal	Nous connaissons actuellement une crise , en particulier dans l' agriculture , et cette crise doit être résolue .
encourager débat	Literal	Des événements tels que la crise de l' ESB ou la crise de la dioxine ont encouragé un débat public de plus en plus large sur les circonstances dans lesquelles une mesure de précaution est justifiée et nécessaire .
répondre à défi	Literal	Je suis tout à fait d' accord avec vous , et je suis sûr qu' avec votre soutien et celui des gouvernements des États membres , la nouvelle Commission sera en mesure de répondre aux défis à venir .
question s’adresser	Literal	La deuxième question s' adresse en fait plus largement au Parlement : allons -nous mettre en place un comité de liaison permanent composé de parlementaires et chargé des questions de développement et de coopération afin de présenter à l' Assemblée générale des Nations unies un rapport annuel sur notre coopération ?
défi à affronter	Literal	La Croatie a beaucoup progressé ces dernières années , mais il lui reste de nombreux défis à affronter .
clore dossier	Figurative	Nous avons décidé que nous étions satisfaits de la contribution française , mais nous ne pouvons pas clore le dossier , parce que ces promesses , ces éléments de droit , ces propositions de loi , n' ont pas encore été mis en œuvre .
dynamiser économie	Figurative	Madame la Présidente , Mesdames et Messieurs , la Commission partage entièrement l' avis du député selon lequel la silver economy est un domaine de développement très prometteur , qui doit être dynamisé aux niveaux local , national et européen .
obtenir information	Literal	Vous serez peut-être en mesure d' obtenir certaines informations au sujet de cette plante et de la façon dont elle a colonisé l' environnement .
déverser montant	Literal	Le Royaume-Uni continuera de déverser des montants de plus en plus importants sur Bruxelles , alors que le seul domaine dans lequel nous recouvrons une partie de ces deniers - très peu , en fait - est justement celui où la Commission envisage des diminutions .
examiner accusation	Literal	La Commission est cependant préoccupée par le fait qu' en Russie même , les accusations ont seulement fait l' objet de démentis d' usage , sans être examinées comme elles le devraient .
clôturer débat	Figurative	Le moment est venu pour moi de clôturer le débat .
accomplir tâche	Literal	Quiconque ayant lu le rapport ne peut douter du sérieux avec lequel la tâche a été accomplie .
formuler remarque	Literal	Cependant , nous sommes forcés de constater au vu des remarques formulées de temps en temps par la Commission qu' il existe de réels problèmes et nous trouvons difficile d' effectuer notre travail au sein de ce Parlement sans que soit atteint ce degré de transparence .
apaiser préoccupation	Literal	Il est temps pour nous de nous assurer que des mesures soient prises ; que les préoccupations de nos concitoyens et des partisans du bien-être des animaux soient apaisées grâce à une interdiction totale des ventes de produits cosmétiques testés sur les animaux et par une interdiction de ces tests .
apporter solution à problème	Literal	Comme vous le savez , nous essayons de collaborer au sein de forums internationaux en vue d' apporter une solution à ce problème .
améliorer situation	Literal	Nous devrions entamer un dialogue franc et ouvert en ce qui concerne les politiques que les gouvernements partenaires doivent appliquer en vue d' améliorer la situation dans ce domaine .
envisager question	Figurative	C' est pourquoi nous considérons que certaines questions soulevées par la baronne Ludford et certains problèmes soulevés par Mme Boumediene-Thiery - qui sont très importants - doivent être envisagés dans le cadre du règlement sur la protection temporaire et la protection subsidiaire que la Commission prépare activement .
avoir occasion	Literal	Un large éventail d' ONG a eu l' occasion d' y exposer ses inquiétudes relatives à des pays où des thèmes essentiels , et il ne fait aucun doute que cet apport se révélera utile lors du processus de délibération .
contenir remarque	Figurative	Il contient des remarques essentielles concernant les points sur lesquels les décideurs européens devront concentrer leurs efforts dans les années à venir .
avoir trait à problème	Figurative	L' amendement que j' ai soumis a trait aux problèmes de distorsion de concurrence et du secret , tout en soutenant le principe d' innovation .
commentaire à faire	Literal	Alors que je préparais les commentaires à vous faire aujourd'hui , j' ai cherché des exemples , parce que je pense que c' est un très bon moyen de montrer aux citoyens de l' Union européenne tout le parti qu' ils peuvent tirer de cette évolution .
dégager solution	Figurative	Une solution vient d' être dégagée , et elle consiste à encourager la participation des citoyens eux-mêmes dans la vie démocratique de l' Union .
de manière à tirer le meilleur parti	Literal	Nous nous félicitons particulièrement de ce que le Conseil a invité la Commission à formuler des propositions visant à trouver comment , de manière innovatrice et créative , tirer le meilleur parti des perspectives offertes par l' accord de paix .
saisir situation	Literal	Nous avons besoin de quelques jours pour saisir et évaluer la situation à la cour constitutionnelle .
discuter de question	Literal	Monsieur le Président , je pense que l' importance de la question dont nous discutons ce soir réside dans le fait que cette commission continue à être extrêmement vigilant concernant les problèmes de sécurité des jouets , comme elle l' est d' ailleurs concernant tous les biens de consommation .
en conclusion de débat	Literal	Je voudrais proposer que les groupes politiques soient invités à introduire des propositions de résolution en conclusion du débat sur la viande bovine britannique .
poser question	Literal	Selon moi , c' est la question que nous devrons continuellement poser lors des prochaines semaines et des prochains mois .
affaiblir confiance	Figurative	Elle est opportune car la confiance dans l' intégrité des opérateurs du marché a été considérablement affaiblie ces deux dernières années à la suite de différents cas d' abus de marché , principalement aux États-Unis .
décrocher emploi	Figurative	Si je ne décroche pas d' emploi à l' aéroport de Bruxelles , j' en décrocherai peut-être un à l' aéroport de Francfort , où je dois souvent me rendre , compte tenu de la longueur des questions qui me sont posées ici dans cette Assemblée .
attirer main d'oeuvre	Figurative	Troisièmement , il convient d' attirer la main- d' œuvre qualifiée des pays tiers , sans pour autant - ainsi que le souligne le groupe de travail - considérer l' immigration comme une solution unique aux futurs problèmes de l' Europe en matière de démographie et d' emploi .
faire face à problème	Literal	C' est uniquement en libérant l' imagination des gens que nous pourrons faire face aux problèmes majeurs auxquels nous sommes confrontés aujourd'hui , tels que le changement climatique , l' exclusion sociale , le changement démographique et le chômage .
faire allusion à idée	Literal	La résolution fait allusion à l' idée d' une contribution de solidarité sur les billets d' avion , mais elle ne doit pas constituer la seule piste et , à l' instar de Mme Kinnock , je souhaiterais suggérer d' autres possibilités .
mal interpréter paroles	Literal	Très peu de responsables politiques voudraient s' élever contre de telles propositions , par crainte que leurs paroles ne soient mal interprétées , mais le lien n' a pas été fermement établi entre l' emploi des phtalates dans les jouets et un quelconque risque pour les enfants .
répondre à inquiétude	Figurative	Cependant , j' examinerai avec mon collègue , M. Liikanen , les inquiétudes concernant les produits pharmaceutiques et cosmétiques manifestées par un grand nombre d' entre vous et je lui demanderai d' y répondre .
résolution de problématique	Literal	J' ai voté pour cette proposition de résolution parce que nous devons veiller à ce que la priorité pratique et morale soit accordée à la résolution de la problématique de la traite des êtres humains et à la manière dont cette traite est utilisée comme ressource sur le marché du travail .
lutte contre phénomène	Figurative	Le programme Daphne contribue à la lutte contre ce phénomène dans toute l' Union européenne ; ceux qui ne soutiennent pas ce rapport aujourd'hui doivent être condamnés .
pratiquer religion	Figurative	Imposer sa propre religion ou refuser à l' autre le droit de pratiquer sa religion sont deux attitudes tout aussi condamnables .
emprunter voie	Figurative	Nous la condamnons fermement - il n' y a jamais d' excuse pour le terrorisme , mais nous demandons également à la Turquie d' essayer de trouver des interlocuteurs pacifiques , d' emprunter une voie politique et d' investir dans le développement économique et social du sud-est .
applicable à problème	Figurative	Pour cela , il faudrait soit bénéficier d' un accord bilatéral avec le Japon garantissant le strict respect de ce dernier aux règles de concurrence en vue de l' ouverture des marchés , ou alors réfléchir à ce qui pourrait être intenté dans un cadre plus large , comme l' OMC par exemple , mais spécifiquement applicable aux problèmes de concurrence .
provoquer mort	Literal	L' ESB est une maladie dégénérative qui ne provoque de toute façon pas une mort subite .
faire part de remarque	Figurative	Monsieur le Président , je vous suis reconnaissant de votre indulgence , mais il me semblait que ce sujet était suffisamment important pour vous faire part de ces quelques remarques .
verser argent	Literal	Aucune nation ne devrait verser l' argent des contribuables dans un système corrompu .
permettre traitement de situation	Figurative	Je me réjouis de la base juridique établie et du traitement détaillé de cette situation que permettront - je l' espère - ces nouvelles règles .
régler problème	Literal	En juin dernier , 150 pays ont adopté la stratégie globale proposée par les Nations unies visant à régler le problème mondial de la drogue .
réduction de prix	Literal	Dans mon pays , cela reviendrait à 45 - 55 livres sterling ou 70 - 90 euros par animal , sans aucun bénéfice en retour et , comme l' a déjà souligné M. Goodwill , ce projet pourrait entraîner une réduction du prix marchand de certaines catégories de bestiaux , notamment des jeunes taureaux .
payer cotisation	Literal	Voici un pays qui peut conclure un accord commercial avec l' UE sans être obligé de payer une cotisation de membre ou adopter des milliers de directives et règlements chaque année .
être question de dossier	Literal	Monsieur le Président , le dossier dont il est question aujourd ' hui divise l' Assemblée et suscite de vives émotions , chez le rapporteur également , bien qu' elle fasse montre d' un grand sang-froid .
profiter de programme	Literal	Nous soutenons , bien sûr , les échanges dans le cadre des programmes Erasmus , Socrates , etc. , à l' Institut d' éducation européen de Florence , mais trop peu d' étudiants profitent de ces programmes .
examiner problème	Literal	Nous examinons ce problème au sein de nos institutions et conformément à nos lois et règlements .
apporter remarque	Literal	Je voudrais faire quelques commentaires et apporter des réponses et des remarques concernant le débat et les rapports , et je commencerai par la scène internationale .
résoudre problème	Literal	Je crois fermement que l' AEM devrait non seulement servir à filtrer les informations sur les médicaments communiquées aux consommateurs , mais qu' elle devrait également pouvoir intervenir lorsque les consommateurs paient clairement trop cher pour des médicaments et que les gouvernements nationaux se montrent incapables de résoudre le problème
chercher solution à problème	Literal	Pour toutes ces raisons , la Commission a proposé un ensemble de mesures d' urgence afin de remédier aux difficultés économiques et sociales qu' entraîne la hausse fulgurante des prix du pétrole , tout en cherchant une solution aux problèmes structurels intrinsèques de la flotte européenne .
toucher à problème	Figurative	Mais une telle politique touche également au problème du travail au noir .
faire échouer processus	Figurative	Je ne souhaite absolument pas réduire nos attentes mais je prendrais bien garde de ne pas entretenir de trop grands espoirs afin que ceux qui ne veulent pas voir aboutir les négociations internationales ne puissent faire échouer le processus après le Mexique si nous ne parvenions à aucun accord .
se pencher sur question	Figurative	Je vote en faveur du présent rapport d' initiative parce qu' il se penche sur des questions d' actualité dans le cadre de l' éternel débat sur le secteur de la notation de crédit : en particulier , le manque de concurrence , l' existence de structures oligopolistiques , ainsi que l' absence d' obligation de rendre des comptes et le défaut de transparence , principalement en ce qui concerne la notation de la dette souveraine .
s' attaquer à crise	Figurative	En effet , la communauté internationale devrait afficher un engagement dépassant celui affiché pour s' attaquer à la crise financière .
briser cycle	Figurative	Sur le plan économique , le cadre macroéconomique présenté à New York doit être plus rigoureux et combiné à une orientation claire vers l' emploi et la croissance , qui brisera le cycle de la pauvreté et de l' inégalité .
traitement de problème	Figurative	Il est évidemment souhaitable que les États membres partagent les informations et les meilleures pratiques en matière de traitement de ces problèmes : certaines sections de ce rapport offrent indubitablement des suggestions utiles .
s' atteler à tâche	Figurative	C' est une tâche à laquelle il faut s' atteler en tandem avec les institutions .
étudier question	Figurative	Cette question a déjà été étudiée dans le cadre de la recherche .
améliorer système	Literal	De nombreux États membres ont travaillé dans l' esprit de protéger leurs propres intérêts nationaux plutôt que dans le but d' améliorer le système général européen .
attaquer problème	Figurative	Il est essentiel qu' au Parlement et à la Commission , nous gardions nos esprits , nos oreilles et nos yeux ouverts aux nouveaux moyens d' attaquer le problème du chômage .
traiter défi	Figurative	Le livre vert sur l' avenir de la politique du RTE-T aborde ces défis et propose des mesures afin de les traiter , et ce tant au stade de la planification de réseau qu' à celui de la mise en œuvre de projet .
incorporation dans	Literal	Je suis assez confiante quant à l' incorporation dans le texte final d' amendements clés consacrés , par exemple , aux références aux valeurs centrales de la Communauté - la démocratie , l' État de droit , le respect des droits de l' homme , la protection des intérêts communautaires , des dispositions renforcées en matière d' évaluation et d' élaboration de rapports pour la spécification d' une enveloppe financière indicative pour la période 2007-13 , ou l' ajout de la clause de révision .
faire face à question	Literal	Il est très important de faire face à la question de l' immigration , de gérer les flux migratoires lorsque nous obtenons la compréhension et la coopération des pays d' origine et de transit .
faire précision	Figurative	Cette précision étant faite , je dirai que le groupe du parti populaire européen soutient le rapport Evans .
susciter débat	Literal	Le premier consistait à décrire la manière dont la Commission avait entamé le processus de simplification ; le second consistait à présenter un document de travail de la Commission qui analyse les principales statistiques du secteur , la mise en œuvre des organisations de producteurs ainsi que les fonds opérationnels qui y sont liés et les aspects budgétaires ; enfin , le troisième consistait à susciter un débat au sein du Conseil , du Parlement européen et du secteur lui-même .
perdre confiance	Literal	J' ai bien peur que cela n' ait un effet boule de neige et que nous ne perdions très certainement la confiance de nos consommateurs européens , indépendamment des effets qui se font actuellement ressentir au niveau du commerce .
décès imputable à	Literal	La présente directive mettra la Communauté européenne en première ligne de la bataille pour contrôler le nombre de décès et de maladies imputables au tabac .
comprendre sens	Literal	Vous comprenez à présent parfaitement le sens de ma question et vous allez y répondre et m' assurer que cet argent , qui a été illégalement transféré par des dictateurs et des terroristes , sera rendu au peuple des anciennes colonies concernées ?
améliorer économie	Literal	Il faut trouver un juste équilibre : protéger la beauté , l' héritage et l' environnement naturels qui donnent tout son attrait à une région , tout en tirant un maximum de ces atouts naturels pour améliorer l' économie locale .
traiter point	Figurative	Parmi ces douze priorités essentielles , avec ma collègue , nous veillerons à ce que le point que vous avez soulevé soit traité de manière satisfaisante et à ce que la Commission ne recommande pas d' entamer les pourparlers d' adhésion avant que les questions , comme celle que vous avez soulevée , ne soient traitées de manière satisfaisante .
aborder aspect	Figurative	Autant d' aspects spécifiques qui devraient être abordés par la Commission .
apporter réponse à problème	Literal	Nous obtiendrons de la sorte une véritable diminution de la capacité tout en apportant une réponse aux problèmes liés au carburant .
relancer économie	Literal	L' Union européenne étend à fort juste titre les possibilités d' exportation en faveur des entreprises russes sur les marchés communautaires afin de relancer l' économie russe .
diminuer coût	Literal	Certes , nous devons nous préoccuper des problèmes humains liés à la compression de la main- d' uvre , mais dans le même temps , nous devons nous souvenir que le coût des denrées alimentaires a diminué .
émettre commentaire	Literal	Dans l' intervalle - et , là aussi , je me fais l' écho de commentaires émis dans les deux rapports que nous envisageons - , nous ne devrions pas attendre que la Charte entre en vigueur pour redoubler d' efforts en matière de promotion des droits de l' homme et des libertés démocratiques dans la région .
se pencher sur défi	Figurative	C' est un acquis positif parce que nous devons nous pencher conjointement avec la Libye sur tous les défis auxquels cette dernière est confrontée en ce qui concerne les migrations .
traiter situation	Figurative	Deuxièmement , le rapport du Parlement explique de manière convaincante la nécessité d' adopter une approche holistique pour traiter la situation socio-économique des Roms .
traitement de question	Literal	Et dans un sens , cela revient à construire les différents éléments de ce que nous faisons bien - le travail que nous faisons dans le renforcement de l' État , dans la justice , sur le respect du droit , le travail que nous accomplissons en ce qui concerne les programmes de développement , le travail que nous accomplissons sur le traitement des questions du changement climatique , le travail que nous accomplissons en apportant notre soutien aux gouvernements et aux populations - tout cela est conçu pour augmenter notre sécurité , notre stabilité et notre prospérité , mais en réalité , en faisant cela , nous créons un monde plus sûr , plus stable et plus prospère .
solution à donner à problème	Literal	Malgré les preuves de plus en plus évidentes de l' exploitation irrationnelle et excessive des sources naturelles d' énergie et le fait que la vie quotidienne fasse partie des préoccupations relatives à la durabilité de l' environnement naturel , aujourd'hui l' humanité , et surtout les responsables politiques , manquent d' une conception claire de la solution à donner au problème .
frapper confiance	Figurative	En ce qui concerne le pourcentage accordé au Royaume-Uni , ne pense-t -il pas qu' il serait plus équitable d' octroyer un pourcentage plus important au pays dont le marché et où la confiance du consommateur dans ce marché ont été le plus gravement frappés ?
résultat être	Figurative	S' il existe un moyen de prévenir les députés présents dans les locaux du Parlement qu' il va y avoir un vote et d' ajourner celui-ci jusqu'à leur arrivée , faisons -le car le résultat du vote sera peut-être plus représentatif .
relance de économie	Literal	Ensuite , je voudrais revenir sur les propos tenus par le premier ministre irlandais , M. Bruton , au sujet du rôle du gouvernement dans la génération d' emplois et la relance de l' économie .
rupture de accord	Figurative	À présent , en cas de rupture de l' accord interinstitutionnel , nous en revenons au Traité , qui confère au Parlement bien davantage de pouvoir et d' autorité .
émettre doute	Figurative	Au Royaume-Uni , le précédent gouvernement conservateur a émis de sérieux doutes sur l' avènement ou non de l' euro .
être responsable de décès	Literal	Le tabac est responsable de 85 % des cas des cancers du poumon et la moitié des décès prématurés chez les personnes ayant fumé toute leur vie sont causés par le tabac .
aborder point	Figurative	Le troisième point que je voulais aborder est le cas de la Chine .
œuvrer à la résolution de problème	Figurative	"C' est pourquoi j' estime que les hommes et femmes politiques qui œuvrent à la résolution de ces problèmes de façon responsable et politiquement subtile sont "" cool "" , tout comme ceux et celles qui voteront aujourd'hui pour le rapport de M. Gahler ."
réduire prix	Literal	Grâce au système de prix différentiés et au déliement de l' aide , nous avons pu contribuer à réduire les prix des médicaments jusqu’à 90 % .
prendre problème à bras le corps	Figurative	Je nous soupçonne , Monsieur le Président en exercice , de ne pas avoir le courage de prendre cet important problème à bras-le-corps .
ternir confiance	Figurative	Si la chaîne alimentaire européenne demeure une des plus sûres au monde , des scandales récents ont terni la confiance de nos consommateurs dans les aliments que nous mangeons et les méthodes que nous utilisons pour les produire .
comprendre enjeu	Literal	Ce sont des personnes clés , car elles comprennent les enjeux sociaux , politiques et culturels , dont nous n' avons peut-être pas conscience lorsque nous débarquons sur place pour effectuer notre mission d' observation des élections .
gérer project	Literal	Lorsque je faisais partie de la commission du contrôle budgétaire et que j' ai rencontré les personnes qui géraient ce projet , leur connaissance quant à la gestion d' une telle entreprise était loin de m' impressionner , et je viens du milieu industriel et financier .
attirer professionnel	Figurative	Nous essayons donc d' attirer les professionnels de la santé d' autres pays afin de régler nos propres problèmes .
répondre à problème	Figurative	Quelles mesures la Présidence entend -elle prendre en vue de répondre à ce problème ?
aborder ce qui touche	Figurative	Ce n' est que l' Union dans son ensemble sera compétitive que nous pourrons aborder convenablement tout ce qui touche à la solidarité .
prendre question en considération	Figurative	Je demanderais au Parlement de reconsidérer son point de vue , parce que j' estime qu' il est crucial que la question de la comitologie soit sérieusement prise en considération en la matière .
affronter problème	Figurative	L' Union européenne doit naturellement affronter ces problèmes , y compris celui de la stabilité financière .
amélioration de service	Literal	Ma commission pense que cet argent , dont le montant est inapproprié pour le moment , doit être employé à l' amélioration des équipements et services offerts ; c' est pourquoi nous voulons également voir développer une stratégie de développement des services permettant aux réfugiés et aux personnes déplacées de jouer un rôle pleinement actif dans la société , sur un pied d' égalité .
contracter maladie	Figurative	Si l' un des animaux contracte la maladie , pourquoi faut -il abattre tout le troupeau ?
poursuivre remarque	Figurative	Pouvez -vous répondre à ma question avant que je ne poursuive mes remarques ?
remédier à situation	Figurative	Espérons que ce rapport , ainsi que la directive sur l' emploi , permettront de remédier à cette situation .
établir relation	Literal	Ce Livre blanc admet que la responsabilité n' est efficace que si le pollueur est identifiable , si le dommage peut être quantifié et si l' on peut établir une relation claire de cause à effet entre les deux .
clore débat	Figurative	Monsieur le Président , en tant que porte-parole du groupe du parti populaire européen , je vais clore ce débat au nom de mon groupe en disant que nous allons appuyer le rapport de M. Barros Moura .
payer taxe	Literal	Les conducteurs de camions non britanniques ne paient pas les taxes routières britanniques .
atteindre moyen	Literal	La première particularité , à laquelle le commissaire a fait référence , est la façon dont nous sommes passés de la confrontation à la codécision dans la procédure budgétaire , comme si nous atteignions par magie les moyens d' être capables d' estomper la distinction entre les dépenses obligatoires et les dépenses non obligatoires sans devoir passer par une révision du traité .
aborder préoccupation	Figurative	Le président en exercice a abordé certaines de ces préoccupations lors de son intervention .
faire commentaire	Literal	Je ne ferai pas de commentaires à propos du problème qui a été soulevé , mais c' est la seconde fois que les mêmes manifestants nous barrent l' accès au Parlement .
traiter question	Literal	J' ai voté en faveur de la proposition de résolution sur le recyclage sûr des navires , car je pense qu' il est essentiel que cette question soit traitée comme faisant partie intégrante du cycle de vie du navire .
modeler débat	Literal	Le plus important est que nous devrons modeler le débat international pour l' après -2012 .
résoudre situation	Literal	Par ce vote , nous reconnaissons que les propositions sont loin d' être parfaites mais qu' elles s' efforcent quand même de résoudre la situation actuelle .
amélioration de système	Literal	Pour ce qui est de la question des paiements de détail transfrontaliers , qui a été soulevée en diverses occasions par le Parlement européen , rappelez -vous qu' en septembre 1999 , la BCE a publié un rapport intitulé L' amélioration des systèmes de paiements de détail transfrontaliers - le point de vue de l' Eurosystème .
réduction de frais	Literal	Les traductions représentent pour le moment le plus gros problème à résoudre dans le cadre de la réduction des frais et de l' accélération du processus de délivrance .
lutter contre problème	Figurative	Une telle promotion complique de plus en plus pour les parents la défense d' une alimentation saine : des limites à ces promotions sont donc indispensables pour lutter contre ce problème .
saisir aspect	Figurative	Les Chinois semblent incapables de saisir cet aspect essentiel signalé par M. Watts et d' autres orateurs , selon lequel Hong-Kong n' est pas simplement une usine à fabriquer de l' argent ; sa prospérité économique dépend du bien-être de ses citoyens ; faut que cela soit compris .
comprendre message	Literal	J' ai parfaitement compris le message , Monsieur Wynn .
approche de problème	Literal	M. De Luca a parfaitement raison de dire que le résultat de cette enquête a rapproché la Commission et la commission du contrôle budgétaire du Parlement dans leur approche des différents problèmes .
se trouver face à problème	Figurative	Au bout de cette route , le Parlement se trouvera face à un grave problème , celui de trouver les ressources humaines nécessaires pour assurer la pérennité du secteur agricole .
remédier à problème	Literal	Le gouvernement royal du Cambodge a récemment pris une série d' initiatives positives pour remédier au problème , en ce compris la signature de protocoles d' entente avec la Thaïlande sur la traite des femmes et des enfants et sur la gestion de la main- d' œuvre migrante entre les deux pays , la participation à l' Initiative ministérielle coordonnée contre le trafic dans la région du Mékong et la création d' un département du trafic inhumain au sein du ministère de l' intérieur en 2002 .
investir argent	Literal	Je ne veux pas que quelque banque de clowns nationalisée se permette d' investir mon argent ou celui de mes électeurs .
se saisir de problème	Figurative	C' est à n' en point douter un problème dont la conférence des présidents pourrait se saisir et qu' elle pourrait régler équitablement .
améliorer travail	Literal	Nous devons apprécier ce mécanisme et utiliser l' expérience des personnes que nous représentons , expérience exprimée à travers leurs pétitions , en vue d' améliorer globalement notre travail .
susciter confusion	Literal	Ce rapport , dont le titre suscite probablement davantage de confusion qu' il ne fournit d' explications aux personnes qui ne sont pas au courant , est en réalité une série d' amendements séparés visant à mettre à jour le règlement original .
soulever point	Figurative	Le point que je voulais soulever au travers de cette question est que la concentration de la propriété dans le secteur des médias génère parfois des problèmes au niveau de la liberté de la presse , en particulier lorsque cette concentration de la propriété déborde du cadre strict de la propriété des journaux pour s' étendre à d' autres sphères de l' économie .
réduction de coût	Literal	Je soutiens pleinement l' idée avancée par M. Ferber concernant la création d' une agence interinstitutionnelle pour le recrutement parce que je crois que cela contribuera à la réduction des coûts et à la réduction de la concurrence à laquelle se livrent les institutions pour attirer du personnel .
lutte contre problème	Figurative	Par le biais de l' utilisation d' un étiquetage clair , les individus commencent à réaliser qu' ils peuvent jouer leur rôle dans la lutte contre le problème de la pauvreté internationale .
s’atteler à problème	Figurative	Monsieur le Président , je ne crois pas que la Commission se soit suffisamment attelée aux problèmes qui se posent dans les différents États membres .
stimuler débat	Figurative	Ce livre vert stimule actuellement un débat important et - selon moi - bienvenu sur la manière de lever les obstacles afin de réaliser des économies d' énergie substantielles d' ici 2020 .
tenir compte de besoin	Literal	L' article 7 , paragraphe 4 , point e , dispose que les autorités réglementaires nationales tiennent compte des besoins de groupes sociaux particuliers , en particulier des personnes handicapées .
finir par aboutir	Literal	Quelles garanties le Conseil peut -il par conséquent nous donner que tous les produits envoyés par l' Union européenne à la Russie finiront par aboutir entre les mains de ceux qui en ont véritablement besoin ?
casser contrat	Figurative	Le contrat ayant été signé par le gouvernement conservateur précédent , M. Cook a déclaré qu' il ne pouvait pas être cassé .
appeler réponse à problème	Figurative	Le commissaire envisage-t -il d' instituer un instrument financier permettant de résoudre un problème dont il voit clairement qu' il appelle une réponse ?
monter campagne	Figurative	Il est tout aussi clair que l' Europe n' a pas les ressources pour une identité européenne de défense : nous ne pouvons monter une campagne sans le soutien des Américains et de l' OTAN .
oublier problème	Literal	Dès lors , faisons en sorte d' adopter la directive mais n' oublions pas les autres problèmes .
se poser question	Literal	Si nous voulons nous assurer de la victoire sur les marchands de peurs qui sont parmi nous - ceux qui tirent leur pouvoir de l' anxiété des citoyens - nous devons alors nous poser sérieusement la question de savoir comment vivre ensemble et comment démanteler les stéréotypes négatifs que nous cultivons les uns sur les autres au sein de l' actuelle Union européenne ainsi que parmi ceux qui cherchent à se joindre à nous et , en outre , parmi ceux qui se trouvent dans d' autres pays d' Europe et du monde et qui souhaitent venir vivre et travailler en Europe .
s’agir de observation	Figurative	Il s' agissait , en réalité , d' une observation à caractère général sur un point de l' ordre du jour et nous en prenons note .
trouver solution	Literal	Il incombe maintenant aux pétroliers et aux gouvernements des pays qui ne disposent pas de plans d' urgence de trouver des solutions pour les personnes possédant ces voitures , soit par la commercialisation d' additifs pour le plomb , soit par la commercialisation d' essence dont la formule aura été modifiée .
organiser production	Literal	Il appartient à chaque entreprise de décider et d' organiser sa production , selon ses propres critères , entre une ou plusieurs usines de transformation .
se frayer chemin	Figurative	L' Union européenne doit maintenant se frayer son propre chemin .
trouver méthode	Literal	Des groupes de députés restent évidemment libres de trouver d' autres méthodes de travail , ils le font déjà , et j' imagine que ce processus se poursuivra et prendra de l' ampleur .
diminution de prix	Literal	Selon les estimations , un accord UE-Mercosur pourrait entraîner une diminution des prix du bœuf irlandais de 30 % , ce qui infligerait , rien qu' à l' Irlande , des pertes pouvant atteindre 500 millions d' euros .
réponse à défi	Literal	Consciente des défis qui se présentent , la Commission européenne a mis en place une politique de développement misant sur la lutte contre la pauvreté , la promotion du développement durable et la réponse aux défis politiques pour contribuer à la stabilité .
faire remarque	Literal	Avant de parler de l' aide fournie par ECHO jusqu'à présent , peut-être me permettrez -vous de faire trois remarques plutôt personnelles .,Je voudrais faire quelques remarques techniques sur le rapport .,J' aimerais tout d' abord m' y attarder et ensuite faire quelques dernières remarques concernant notre débat sur Johannesbourg .,Je voudrais faire quelques remarques d' ordre général et ensuite en venir à mon rapport .,J' aurai d' autres remarques à faire sur la résolution .,Je voudrais également faire quelques remarques générales .,Permettez -moi de faire quelques remarques stratégiques pour commencer .,Permettez -moi à présent de faire quelques remarques sur le volet du nouvel accord relatif à la sécurité extérieure , pour lequel la présidence joue aussi un rôle aussi dans les négociations .,Monsieur le Président , Mesdames et Messieurs , avant d' entamer le débat , je voudrais faire quelques premières remarques essentielles .,Mais je souhaiterais faire quelques remarques factuelles .,au nom du groupe Verts / ALE . - ( DE ) Madame la Présidente , je ne souhaite pas répéter ce qu' ont déclaré fort justement mes collègues qui m' ont précédé mais j' aimerais plutôt faire quelques remarques générales .,Je voudrais faire quelques remarques générales et quelques remarques spécifiques sur le plan d' action présenté .,Je souhaiterais faire trois remarques très brèves .,Je voudrais faire mes remarques à la lumière de trois événements importants à venir : la réunion ministérielle UE-Ukraine qui se tiendra à Luxembourg le 26 octobre , les élections locales qui auront lieu le 31 octobre , et le 14e sommet UE-Ukraine qui se tiendra à Bruxelles le 22 novembre .,Pour conclure , je voudrais faire quelques remarques sur les activités extérieures de la BEI .,Je voudrais faire quelques remarques sur la procédure et les auditions .,Je souhaiterais toutefois faire quelques remarques sur le côté politique du discours de M. Prodi .
résorber inégalité	Figurative	Cela implique aussi un partenariat à tous les niveaux , pour répondre aussi efficacement que possible aux plus gros besoins du public et résorber les inégalités sur le plan de la santé , surtout dans le contexte actuel de l' élargissement , au sujet duquel la Commission devrait nous présenter tout prochainement un nouveau texte très attendu .
gérer phénomène	Figurative	Des mesures comme celle-ci sont indispensables car elles fournissent aux autorités les outils et l' objectif commun nécessaires pour gérer ce phénomène d' envergure européenne .
évoquer problème	Figurative	Monsieur le Député , vous avez évoqué un problème très grave que le Conseil a effectivement traité en détail dans un débat très sérieux .
parler de question	Literal	J' aurais dû dire , lorsque j' ai parlé de la question des tests , que les tests en exploitation ne sont pas encore disponibles .
gérer crise	Literal	L' accent sera mis en particulier sur la transparence et la protection des consommateurs , ainsi que sur l' élaboration d' un cadre relatif aux crises bancaires , dans le but de prévenir et de gérer toute crise future .
s' engager sur la voie	Figurative	Nous espérons qu' au bout du compte , ce pauvre pays en développement parviendra progressivement à s' engager sur la voie de la paix et de la prospérité dont il a tant besoin , et ce dans l' intérêt de tous ses citoyens .
combattre problème	Figurative	Je pense que les problèmes principaux des îles peuvent être combattus plus efficacement avec , par exemple , des instruments horizontaux .
concerner question	Figurative	D' autres amendements concernent la question des possibilités pour les États membres d' aller au-delà du minimum exigé par la législation de l' UE pour leurs propres flottes , .
trouver façon	Literal	C' est pourquoi nous devons trouver la bonne façon de les faire avancer .
lutter contre mal	Figurative	Parallèlement , nous actualiserons également l' approche globale de la migration dans le cadre des préparatifs accomplis en vue du Conseil européen de décembre , et travaillerons à lutter contre le mal à sa racine lors de la conférence euro-africaine sur la migration et le développement qui aura lieu le mois prochain .
lire livre	Literal	Mme van den Burg a demandé si j' avais lu le livre de M. Seifert .
résoudre difficulté	Literal	Le fait demeure que nous aimons tous les chemins de fer et que nous en reconnaissons tous la nécessité et que pourtant , l' industrie européenne des chemins de fer est confrontée à de graves difficultés que nous devons essayer de résoudre tous ensemble .
tenir compte de problème	Literal	La proposition de la Commission ne tient pas spécifiquement compte des problèmes de pollution de l' air dans les pays candidats à l' adhésion ; je pense qu' il est irresponsable , étant donné l' imminence de l' élargissement , que le Parlement n' ait reçu aucune informations concernant les niveaux de pollution au sein de pays tels que la Pologne ou la République tchèque , ainsi que l' évaluation des coûts et du temps nécessaire pour répondre aux nouvelles normes .
se pencher sur problème	Figurative	Après la guerre , il a travaillé de longues années à la mairie de Liverpool et s' est penché sur les problèmes de l' habitat de cette cité .
traiter problème	Figurative	Permettez -moi de signaler qu' il est primordial de traiter les problèmes qui importent vraiment aux yeux des citoyens européens , et pas seulement les problèmes d' ordre général , pas uniquement la grande politique , mais les vrais problèmes qui affectent leur vie .
donner conclusion	Literal	Deux questions ont été posées très clairement et je vais y répondre avant de donner ma conclusion .
investir ressource	Literal	Monsieur le Président , ainsi que l' ont déclaré plusieurs intervenants , il s' agit naturellement cette année de la première fois que nous traitons d' un budget établi sur la base des activités , l' idée étant que le budget devrait sensiblement mieux refléter les priorités politiques et que nous devrions pouvoir observer plus aisément les domaines dans lesquels nous investissons nos ressources .
enrayer problème	Literal	Il est vrai , comme vous l' avez remarqué , que la Chine est la principale source de cigarettes de contrefaçon , nous devons donc travailler en étroite coopération avec elle afin d' enrayer ce problème .
problème faire l’objet d’examen	Figurative	Ce problème fait actuellement l' objet d' un examen .
faire mise en garde	Figurative	Certes , nous pouvons et devrions agir , mais je voulais d' abord faire cette mise en garde .
régler situation	Figurative	Bien que j' éprouve une certaine affinité philosophique avec le sénateur Hollings et ses collègues , qui considèrent que les entreprises publiques détiennent des avantages cachés , parfois explicites , par rapport à leurs concurrentes privées , la manière dont le Congrès américain tente de régler la situation est contraire tant à l' esprit qu' à la lettre des engagements multilatéraux des États-Unis .
résolution de problème	Literal	J' admets toutefois que la résolution de ce problème nécessite une action permanente , que nous devons sans cesse formuler de nouvelles propositions et chercher de nouvelles ouvertures , car il est certain que les échanges internationaux profiteront à l' économie mondiale ; et c' est ce dont a besoin la majeure partie de celle-ci en ce moment .
redonner vie	Figurative	Si Pörtschach peut redonner vie à la vision d' une Europe unie en montrant le chemin vers ses trois concepts - paix , prospérité et sécurité - , elle fixera alors un calendrier à la fois nouveau et pertinent pour les années à venir .
parvenir à fin	Figurative	Si nous nous sommes réjouis , la nuit dernière , à l' annonce américaine d' un moratoire de six mois , nous n' en sommes pas moins farouchement opposés à cette législation en principe et tenons à dire que ce n' est pas en tyrannisant leurs alliés que les Américains parviendront à leurs fins .
résoudre question	Literal	Il existe divers systèmes dans les différents États membres et nous n' arrivons pas toujours à tomber d' accord sur une approche commune , mais au moins le premier pas sera fait et de nombreuses questions , comme celles concernant l' information des patients et d' autres aspects des droits des patients , seront résolues dans le cadre de l' initiative concernant les soins de santé .
organiser exposition	Literal	Les députés de cette Assemblée ne me contrediront pas si je dis qu' il est courant pour les présidences du Conseil d' organiser une exposition à caractère culturel , social ou historique dans la partie du bâtiment Justus Lipsius réservée aux conférences .
chercher issue	Literal	Nous devons continuer à chercher une issue dans le brouillard .
s' occuper de problème	Literal	Qu' ils s' occupent aussi des problèmes du secret bancaire et des paradis fiscaux qui offrent une couverture au blanchiment d' argent .
aborder problème	Literal	La Commission ne peut accepter cet amendement vu qu' il réduirait la flexibilité dont certains États membres ont besoin afin d' aborder des problèmes environnementaux urgents .
émettre critique	Literal	Mme Kauppi a , quant à elle , émis une critique concernant le coût des signatures électroniques , notamment pour les petites et moyennes entreprises .
mettre au point	Figurative	L' organe chargé de l' élaboration de la charte devra mettre au point un texte qui a une réelle portée politique tout en pouvant être inséré dans le Traité .
façonner résultat	Figurative	Comme l' a gentiment rappelé le président , j' ai visité toutes les capitales et chaque état membre a été entendu et a contribué à façonner le résultat .
promouvoir débat	Figurative	Nous devons promouvoir le débat le plus vaste possible .
causer réaction	Literal	"Sur l' étiquette des produits cosmétiques contenant un des 26 allergènes parfumés doit figurer l' avertissement : "" peut causer une réaction allergique "" ."
favoriser économie	Literal	Tandis que des gouvernements nationaux procèdent à des réductions drastiques avec , dans certains cas , une vision à court terme , le budget de l' UE peut offrir une stabilité et une planification à long terme , contribuant ainsi - par l' intermédiaire de fonds tels que les fonds structurels et les fonds de cohésion - à créer des emplois , proposer des formations professionnelles et favoriser les économies européennes grâce à la reprise , notamment en fournissant des fonds aux régions défavorisées les plus durement touchées .
investissement de argent	Literal	Ces dispositions , telles qu' elles sont rédigées , rendraient quasiment impossible pour une compagnie d' assurance ou une banque l' investissement de l' argent des fonds de pension dans d' autres institutions financières , en raison de la rigueur des déductions .
générer débat	Literal	Avec le livre vert , la Commission a l' intention de générer un débat sur l' utilisation d' instruments de défense commerciale en Europe : mesures de compensation , antidumping et de sauvegarde .
avancer idée	Figurative	J' ai accueilli avec intérêt les idées avancées sur la possibilité d' offrir des navires de pêche de la Commission - ou plutôt , des flottes de l' Union européenne - aux communautés des pays affectés .
réexaminer question	Literal	Sur la demande du Conseil , la Commission prépare une communication sur les retards et la congestion du trafic aérien et réexaminera certainement cette question et proposera des initiatives dans le domaine de la gestion de l' espace aérien .
traitement de sujet	Literal	Les initiatives de l' article 185 jouent un rôle prépondérant dans le traitement de ces sujets clés .
stimuler économie	Figurative	Les industries artisanales locales ont de grandes possibilités de stimuler les économies locales .
organisation de exposition	Literal	Permettez -moi de remercier la Commission pour ce programme et Mme Perez Latorre en particulier pour l' aide qu' elle a apporté dans l' organisation de cette exposition .
faire observation	Literal	Des mesures disciplinaires , je ne le pense pas , mais je vous promets de tenir le plus grand compte des deux observations que vous avez faites , à la fois pour les zones non fumeurs et pour l' attitude vis-à-vis de nos huissiers .
répondre à préoccupation	Figurative	Afin de répondre à quelques-unes des préoccupations exprimées par le Parlement européen et les États membres - par exemple , en ce qui concerne la sécurité - plusieurs amendements ont été introduits dans le texte initial .
suggérer idée	Literal	Y est notamment suggérée l' idée d' une directive-cadre relative aux pratiques commerciales déloyales .
trouver réponse à problème	Figurative	Monsieur le Président , la confiance des citoyens en l' Union européenne dépend pour beaucoup de la manière dont l' Union européenne réussit à trouver une réponse aux problèmes réels de la vie quotidienne des gens .
vendre drogue	Literal	Il ne sert à rien de venir dans cette enceinte parler de propositions aux idées larges , si c' est pour voir , autour de nous , des jeunes mourir de toxicomanie , tandis que ceux qui importent et vendent ces drogues s' en tirent sans problèmes .
investir somme	Literal	Je suis ravi et soulagé de la réponse du commissaire , car j' ai été interpellé par des détaillants européens qui ont investi des sommes colossales en Asie , ont amélioré les conditions sanitaires et de sécurité ainsi que les conditions de travail dans les pays asiatiques et apportent des bénéfices économiques à la fois aux travailleurs asiatiques et aux détaillants européens .
multiplier intervention	Figurative	Je me demande si ceux qui ont multiplié leurs interventions sur cette question au cours des votes successifs dans des sessions plénières successives ne cachent pas une motivation politique .
conclure débat	Literal	J' aimerais vous rappeler que le rapport Raimon Obiols i Germà et Charles Tannock sera soumis au vote demain matin , et que les textes présentés pour conclure le débat sur les déclarations du Conseil et de la Commission seront soumis au vote a Bruxelles le 29 novembre 2007 .
faire face à besoin	Figurative	Ces ONG feront face au besoin le plus urgent , à savoir déplacer les personnes en danger vers des zones plus sûres , ainsi que fournir des soins de santé , de l' eau et des installations sanitaires .
ce qui est de question	Figurative	Pour ce qui est de la question de savoir s' il y a eu retard ou si la procédure en infraction parviendra plus tard à la Cour que ce n' aurait été le cas si on avait opté pour la lettre de mise en demeure , la première lettre envoyée par la Commission requiert normalement un délai de réponse de deux mois .
formuler commentaire	Figurative	Monsieur le Président , je m' associe à la plupart des commentaires formulés jusqu'à présent par Mmes McKenna et Maij-Weggen sur la situation en Birmanie .
retrouver confiance en lambeaux	Figurative	Et j' espère que la réforme que nous avons déjà tenté de promouvoir se poursuivra dans le futur , autrement , la confiance dans le gouvernement géorgien se retrouvera en lambeaux si la crise actuelle ne peut être résolue par des voies démocratiques .
trouver terrain d' entente	Figurative	La meilleure chose que le Parlement européen puisse faire aujourd’hui est d' encourager le Premier ministre Zapatero dans son effort de rassembler des peuples autrefois irréconciliables afin de trouver un terrain d' entente pour l' avenir du Pays basque .
aboutir dans	Figurative	Les drogues cultivées et produites en Afghanistan aboutissent dans les rues d' Europe .
prendre question en compte	Figurative	Le rapport soulève néanmoins des questions importantes qu' il faut prendre en compte si l' on veut que les efforts visant à améliorer la sécurité alimentaire soient poursuivis .
mettre fin au contrat	Literal	Cette situation a été aggravée l' été dernier par une décision prise à la lumière du rapport du comité d' experts indépendants et visant à mettre fin au contrat passé avec le bureau d' assistance technique qui participais à l' application de ce programme .
alimenter débat	Figurative	Monsieur le Président , je suis heureux que le commissaire ait compris que nous appelons à l' élaboration sans délai d' un Livre vert permettant d' alimenter un débat plus approfondi sur les propositions de la Commission .
comprendre remarque	Literal	La remarque que j' ai faite à Mme Gradin , et qu' elle comprend parfaitement , j' en suis sûr , surtout depuis que je l' ai expliquée en détail dans ma toute dernière lettre , concerne simplement cette réalité juridique et le fait que la Commission s' acquitte convenablement de ses fonctions en sa qualité d' organisation établie juridiquement et soumise aux obligations inscrites dans la loi sous la forme du Statut des fonctionnaires .
réponse à crise	Figurative	La réponse à la crise financière passe-t -elle par plus de régulation ?
porter sur question	Figurative	La mission qu' Eurostat prévoit d' envoyer en Bulgarie au cours du deuxième semestre de cette année ne portera pas sur les différences relevées ni sur les questions qui se posent à propos des perspectives 2010 .